fipe_cod,tabela_id,anoref,mesref,tipo,marca_id,marca,modelo_id,modelo,anomod,comb_cod,comb_sigla,comb,valor
008047-0,314,2024,10,1,6,Audi,68,A4 1.8  Aut.,1997,1,G,Gasolina,17046
008010-1,314,2024,10,1,6,Audi,72,A4 1.8 Avant Turbo Mec.,1997,1,G,Gasolina,17481
008132-9,314,2024,10,1,6,Audi,4843,A4 2.0 16V TFSI 183/180cv Multitronic,2010,1,G,Gasolina,54756
008133-7,314,2024,10,1,6,Audi,4844,A4 2.0 Avant TFSI 183/180cv Multitroni,2010,1,G,Gasolina,58774
008022-5,314,2024,10,1,6,Audi,87,A4 2.8 30V Mec.,1999,1,G,Gasolina,19820
008026-8,314,2024,10,1,6,Audi,113,A6 2.8 30V Mec.,2001,1,G,Gasolina,26218
008156-6,314,2024,10,1,6,Audi,5717,A8 6.3 W12 48V Quattro Tiptronic,2015,1,G,Gasolina,481917
008156-6,314,2024,10,1,6,Audi,5717,A8 6.3 W12 48V Quattro Tiptronic,2014,1,G,Gasolina,441537
008156-6,314,2024,10,1,6,Audi,5717,A8 6.3 W12 48V Quattro Tiptronic,2013,1,G,Gasolina,408724
008156-6,314,2024,10,1,6,Audi,5717,A8 6.3 W12 48V Quattro Tiptronic,2012,1,G,Gasolina,320775
008079-9,314,2024,10,1,6,Audi,128,Allroad 2.7 30V Quattro Turbo Tiptronic,2005,1,G,Gasolina,53097
008079-9,314,2024,10,1,6,Audi,128,Allroad 2.7 30V Quattro Turbo Tiptronic,2004,1,G,Gasolina,51801
008079-9,314,2024,10,1,6,Audi,128,Allroad 2.7 30V Quattro Turbo Tiptronic,2003,1,G,Gasolina,50537
008079-9,314,2024,10,1,6,Audi,128,Allroad 2.7 30V Quattro Turbo Tiptronic,2002,1,G,Gasolina,49304
008079-9,314,2024,10,1,6,Audi,128,Allroad 2.7 30V Quattro Turbo Tiptronic,2001,1,G,Gasolina,45239
008015-2,314,2024,10,1,6,Audi,129,Avant RS2,1995,1,G,Gasolina,159630
008295-3,314,2024,10,1,6,Audi,10814,E-TRON GT Aut. (Elétrico),32000,1,G,Gasolina,765977
008295-3,314,2024,10,1,6,Audi,10814,E-TRON GT Aut. (Elétrico),2024,1,G,Gasolina,716728
008127-2,314,2024,10,1,6,Audi,4431,TT Roadster 2.0 16v TFSI S-Tronic,2009,1,G,Gasolina,140096
040002-5,314,2024,10,1,207,Baby,8275,Buggy 1.6/ TST/ RS 1.6 4-Lug.,2018,1,G,Gasolina,28389
040002-5,314,2024,10,1,207,Baby,8275,Buggy 1.6/ TST/ RS 1.6 4-Lug.,1994,1,G,Gasolina,4292
009093-0,314,2024,10,1,7,BMW,191,330Ci Cabriolet,2001,1,G,Gasolina,66358
009089-1,314,2024,10,1,7,BMW,195,330iA Top 4p,2005,1,G,Gasolina,66936
009089-1,314,2024,10,1,7,BMW,195,330iA Top 4p,2002,1,G,Gasolina,59224
009182-0,314,2024,10,1,7,BMW,9957,335i 3.0 Active 3 (Híbrido),2014,1,G,Gasolina,173291
009122-7,314,2024,10,1,7,BMW,4272,335iA 3.0 24V 306cv,2012,1,G,Gasolina,124343
009122-7,314,2024,10,1,7,BMW,4272,335iA 3.0 24V 306cv,2011,1,G,Gasolina,109489
009122-7,314,2024,10,1,7,BMW,4272,335iA 3.0 24V 306cv,2010,1,G,Gasolina,101406
009122-7,314,2024,10,1,7,BMW,4272,335iA 3.0 24V 306cv,2009,1,G,Gasolina,98932
009122-7,314,2024,10,1,7,BMW,4272,335iA 3.0 24V 306cv,2008,1,G,Gasolina,91746
009124-3,314,2024,10,1,7,BMW,4416,335iA Cabriolet 3.0 24V 306cv,2012,1,G,Gasolina,234189
009124-3,314,2024,10,1,7,BMW,4416,335iA Cabriolet 3.0 24V 306cv,2011,1,G,Gasolina,221901
009124-3,314,2024,10,1,7,BMW,4416,335iA Cabriolet 3.0 24V 306cv,2010,1,G,Gasolina,216488
009124-3,314,2024,10,1,7,BMW,4416,335iA Cabriolet 3.0 24V 306cv,2009,1,G,Gasolina,194571
009170-7,314,2024,10,1,7,BMW,6148,335iA Sport 3.0 24V 306cv 4p,2012,1,G,Gasolina,145655
009007-7,314,2024,10,1,7,BMW,197,525i/iA,1994,1,G,Gasolina,21036
009008-5,314,2024,10,1,7,BMW,199,528i/iA,1996,1,G,Gasolina,26281
009183-9,314,2024,10,1,7,BMW,6514,528iA M Sport 2.0 Turbo 16V 245cv 4p,2015,1,G,Gasolina,119544
009226-6,314,2024,10,1,7,BMW,7918,530i M Sport 2.0 Turbo 252cv Aut.,2018,1,G,Gasolina,223171
009010-7,314,2024,10,1,7,BMW,205,540i,1999,1,G,Gasolina,33511
009010-7,314,2024,10,1,7,BMW,205,540i,1994,1,G,Gasolina,20922
009225-8,314,2024,10,1,7,BMW,7919,540i M Sport 3.0 Turbo 340cv Aut.,2019,1,G,Gasolina,264663
009052-2,314,2024,10,1,7,BMW,210,540iTA,1997,1,G,Gasolina,32009
009166-9,314,2024,10,1,7,BMW,6150,650iA 4.4 407cv Bi-Turbo,2012,1,G,Gasolina,230493
009027-1,314,2024,10,1,7,BMW,217,740iA,1997,1,G,Gasolina,39350
009012-3,314,2024,10,1,7,BMW,221,750i,1995,1,G,Gasolina,27901
009099-9,314,2024,10,1,7,BMW,224,760iL 6.0 V12 445cv/544cv,2010,1,G,Gasolina,213869
009099-9,314,2024,10,1,7,BMW,224,760iL 6.0 V12 445cv/544cv,2005,1,G,Gasolina,142794
009253-3,314,2024,10,1,7,BMW,8818,i3 Bev Connected 170cv Aut. (Elétrico),2020,1,G,Gasolina,189288
009197-9,314,2024,10,1,7,BMW,10019,i8 e-Drive 1.5 TB 12V  Aut. (Híbrido),2016,1,G,Gasolina,629666
009318-1,314,2024,10,1,7,BMW,11103,iX 1 eDrive20 X-Line Aut. (Elétrico),32000,1,G,Gasolina,362417
009014-0,314,2024,10,1,7,BMW,234,M3 Coupê 3.0 24V 255cv,1992,1,G,Gasolina,17679
009127-8,314,2024,10,1,7,BMW,4527,M3 Coupê 4.0 32V,2012,1,G,Gasolina,376892
009173-1,314,2024,10,1,7,BMW,6260,M5 4.4 560cv Bi-Turbo Aut.,2014,1,G,Gasolina,278541
009100-6,314,2024,10,1,7,BMW,241,X3 Sport 3.0 24V 231cv,2005,1,G,Gasolina,39892
009151-0,314,2024,10,1,7,BMW,5497,X3 XDRIVE 35i/M-Sport 3.0 306cv Bi-Turbo,2012,1,G,Gasolina,88273
009214-2,314,2024,10,1,7,BMW,7283,X5 XDRIVE 30d 3.0 Diesel,2018,3,D,Diesel,243378
009153-7,314,2024,10,1,7,BMW,5590,X5 XDRIVE 50i Security 4.4 Bi-Turbo,2011,1,G,Gasolina,132232
009144-8,314,2024,10,1,7,BMW,5189,X6 M 4.4 4x4 V8 32V Bi-Turbo Aut.,2019,1,G,Gasolina,434346
009144-8,314,2024,10,1,7,BMW,5189,X6 M 4.4 4x4 V8 32V Bi-Turbo Aut.,2018,1,G,Gasolina,410716
009144-8,314,2024,10,1,7,BMW,5189,X6 M 4.4 4x4 V8 32V Bi-Turbo Aut.,2017,1,G,Gasolina,343442
009144-8,314,2024,10,1,7,BMW,5189,X6 M 4.4 4x4 V8 32V Bi-Turbo Aut.,2016,1,G,Gasolina,279059
009144-8,314,2024,10,1,7,BMW,5189,X6 M 4.4 4x4 V8 32V Bi-Turbo Aut.,2015,1,G,Gasolina,228561
009144-8,314,2024,10,1,7,BMW,5189,X6 M 4.4 4x4 V8 32V Bi-Turbo Aut.,2014,1,G,Gasolina,176486
009144-8,314,2024,10,1,7,BMW,5189,X6 M 4.4 4x4 V8 32V Bi-Turbo Aut.,2013,1,G,Gasolina,153104
009144-8,314,2024,10,1,7,BMW,5189,X6 M 4.4 4x4 V8 32V Bi-Turbo Aut.,2012,1,G,Gasolina,137125
009144-8,314,2024,10,1,7,BMW,5189,X6 M 4.4 4x4 V8 32V Bi-Turbo Aut.,2011,1,G,Gasolina,130816
009144-8,314,2024,10,1,7,BMW,5189,X6 M 4.4 4x4 V8 32V Bi-Turbo Aut.,2010,1,G,Gasolina,125775
009311-4,314,2024,10,1,7,BMW,10788,X6 M Competition 4.4 V8 BI-TB (Hib) Aut.,32000,1,G,Gasolina,1238985
009311-4,314,2024,10,1,7,BMW,10788,X6 M Competition 4.4 V8 BI-TB (Hib) Aut.,2025,1,G,Gasolina,1147360
009311-4,314,2024,10,1,7,BMW,10788,X6 M Competition 4.4 V8 BI-TB (Hib) Aut.,2024,1,G,Gasolina,1117810
009285-1,314,2024,10,1,7,BMW,9565,X6 M Competition 4.4 V8 BI-TB 625CV Aut.,32000,1,G,Gasolina,1193283
009285-1,314,2024,10,1,7,BMW,9565,X6 M Competition 4.4 V8 BI-TB 625CV Aut.,2024,1,G,Gasolina,1049216
009263-0,314,2024,10,1,7,BMW,9037,X6 XDRIVE 40i M Sport 3.0 Bi-Turbo,2023,1,G,Gasolina,639200
009263-0,314,2024,10,1,7,BMW,9037,X6 XDRIVE 40i M Sport 3.0 Bi-Turbo,2020,1,G,Gasolina,519466
009132-4,314,2024,10,1,7,BMW,4746,X6 XDRIVE 50i 4.4 407cv Bi-Turbo,2010,1,G,Gasolina,125407
009139-1,314,2024,10,1,7,BMW,4997,Z4 Roadster sDRIVE 35i 3.0 24V 306cv 2p,2014,1,G,Gasolina,249572
009139-1,314,2024,10,1,7,BMW,4997,Z4 Roadster sDRIVE 35i 3.0 24V 306cv 2p,2012,1,G,Gasolina,222897
009139-1,314,2024,10,1,7,BMW,4997,Z4 Roadster sDRIVE 35i 3.0 24V 306cv 2p,2010,1,G,Gasolina,212156
009098-0,314,2024,10,1,7,BMW,252,Z4 Roadster Sport 3.0 24V 231cv Aut.,2003,1,G,Gasolina,112951
039002-0,314,2024,10,1,8,BRM,255,Buggy W. Turing/Luxo/M-11 Absolut 1.6 8V,2017,1,G,Gasolina,58806
039002-0,314,2024,10,1,8,BRM,255,Buggy W. Turing/Luxo/M-11 Absolut 1.6 8V,2010,1,G,Gasolina,49732
062001-7,314,2024,10,1,123,Bugre,4053,Buggy IV e V,2003,1,G,Gasolina,6532
062001-7,314,2024,10,1,123,Bugre,4053,Buggy IV e V,1996,1,G,Gasolina,5311
062001-7,314,2024,10,1,123,Bugre,4053,Buggy IV e V,1990,1,G,Gasolina,3248
062002-5,314,2024,10,1,123,Bugre,5190,Buggy VII/VII BIG/VII Flex,2023,1,G,Gasolina,56588
062002-5,314,2024,10,1,123,Bugre,5190,Buggy VII/VII BIG/VII Flex,2017,1,G,Gasolina,29114
093015-6,314,2024,10,1,245,Caoa Chery,10742,Tiggo 5X PRO Max Drive1.5 TB (Híbrido),2024,1,G,Gasolina,128479
093009-1,314,2024,10,1,245,Caoa Chery,10068,Tiggo 7 PRO 1.5 Turbo (Híbrido),2022,1,G,Gasolina,148046
073014-9,314,2024,10,1,161,Caoa Chery/Chery,7224,QQ 1.0  ACT FL 12V/1.0 12V Flex  5p,2017,1,G,Gasolina,29050
073010-6,314,2024,10,1,161,Caoa Chery/Chery,7089,QQ 1.0 ACT 12V 69cv 5p,2015,1,G,Gasolina,25788
064002-6,314,2024,10,1,136,CHANA,4392,Cargo 1.0 8V 53cv (Pick-Up),2007,1,G,Gasolina,10272
010021-8,314,2024,10,1,12,Chrysler,268,Grand Caravan Limited 3.3 V6 12V 182cv,2004,1,G,Gasolina,33898
010011-0,314,2024,10,1,12,Chrysler,272,Neon LE 1.8,1997,1,G,Gasolina,8305
010030-7,314,2024,10,1,12,Chrysler,4623,TOWN & COUNTRY Limited 3.8 /3.6 V6 Aut.,2012,1,G,Gasolina,77997
010013-7,314,2024,10,1,12,Chrysler,282,Vision 3.5 24V,1995,1,G,Gasolina,11536
011026-4,314,2024,10,1,13,Citroën,284,Berlingo MultSpace GLX 1.8i 3p,1998,1,G,Gasolina,8594
011170-8,314,2024,10,1,13,Citroën,7585,C3 Attraction Pure Tech 1.2 Flex 12V Mec,2016,1,G,Gasolina,39971
011107-4,314,2024,10,1,13,Citroën,5551,C3 Picasso Exclusive 1.6 Flex 16V 5p Mec,2015,1,G,Gasolina,41464
011107-4,314,2024,10,1,13,Citroën,5551,C3 Picasso Exclusive 1.6 Flex 16V 5p Mec,2014,1,G,Gasolina,39549
011107-4,314,2024,10,1,13,Citroën,5551,C3 Picasso Exclusive 1.6 Flex 16V 5p Mec,2013,1,G,Gasolina,35384
011107-4,314,2024,10,1,13,Citroën,5551,C3 Picasso Exclusive 1.6 Flex 16V 5p Mec,2012,1,G,Gasolina,31769
011198-8,314,2024,10,1,13,Citroën,8466,C4 CACTUS FEEL 1.6 16V Flex Aut.,2022,1,G,Gasolina,82343
011195-3,314,2024,10,1,13,Citroën,8472,C4 CACTUS SHINE Pack 1.6 Turbo Flex Aut.,2021,1,G,Gasolina,89166
011088-4,314,2024,10,1,13,Citroën,4397,C4 PAL.Excl/Excl(Tech.) 2.0/2.0 Flex Aut,2007,1,G,Gasolina,17652
011050-7,314,2024,10,1,13,Citroën,302,Jumper 2.8 16Lug.  Diesel,2002,3,D,Diesel,26688
011035-3,314,2024,10,1,13,Citroën,330,Xsara Break GLX/ Paris 2.0 16V,1999,1,G,Gasolina,8303
011074-4,314,2024,10,1,13,Citroën,345,Xsara Picasso Exclusive 2.0 16V Aut.,2009,1,G,Gasolina,19989
011075-2,314,2024,10,1,13,Citroën,348,Xsara Picasso GLX 2.0 16V  Aut.,2006,1,G,Gasolina,13285
011008-6,314,2024,10,1,13,Citroën,352,ZX Cupê 16V,1995,1,G,Gasolina,7992
013010-9,314,2024,10,1,17,Dodge,388,Avenger ES 2.0/2.5 16V,1994,1,G,Gasolina,9763
013008-7,314,2024,10,1,17,Dodge,404,Dakota Sport CE 2.5 Diesel,1999,3,D,Diesel,35070
013025-7,314,2024,10,1,17,Dodge,3931,Ram 2500 H.DUTY 5.9 SLT TDI CS 4x4 Dies.,2006,3,D,Diesel,127060
066011-6,314,2024,10,1,147,EFFA,5660,Plutus 3.2 8V 4x2 CD Turbo Diesel,2012,3,D,Diesel,34125
066011-6,314,2024,10,1,147,EFFA,5660,Plutus 3.2 8V 4x2 CD Turbo Diesel,2011,3,D,Diesel,31873
066010-8,314,2024,10,1,147,EFFA,5661,Start Picape CD 1.0 8V 5p,2014,1,G,Gasolina,22086
066010-8,314,2024,10,1,147,EFFA,5661,Start Picape CD 1.0 8V 5p,2012,1,G,Gasolina,17968
066010-8,314,2024,10,1,147,EFFA,5661,Start Picape CD 1.0 8V 5p,2011,1,G,Gasolina,14952
066008-6,314,2024,10,1,147,EFFA,5662,Start Picape L 1.0 8V 2p,2014,1,G,Gasolina,22893
066008-6,314,2024,10,1,147,EFFA,5662,Start Picape L 1.0 8V 2p,2012,1,G,Gasolina,21450
066008-6,314,2024,10,1,147,EFFA,5662,Start Picape L 1.0 8V 2p,2011,1,G,Gasolina,18156
066009-4,314,2024,10,1,147,EFFA,5663,Start Van 1.0 8V 4p,2012,1,G,Gasolina,17876
066009-4,314,2024,10,1,147,EFFA,5663,Start Van 1.0 8V 4p,2011,1,G,Gasolina,16062
066002-7,314,2024,10,1,147,EFFA,4638,ULC FURGÃO 1.0 8V 5p,2011,1,G,Gasolina,18204
066002-7,314,2024,10,1,147,EFFA,4638,ULC FURGÃO 1.0 8V 5p,2010,1,G,Gasolina,14331
001339-0,314,2024,10,1,21,Fiat,5446,Bravo ABSOLUTE 1.8 Flex 16V 5p,2011,1,G,Gasolina,28550
001167-3,314,2024,10,1,21,Fiat,452,Doblo EX 1.3 Fire 16V 80cv 4/5p,2002,1,G,Gasolina,17053
001283-1,314,2024,10,1,21,Fiat,5023,Ducato Cargo Longo 2.3 ME Diesel,2013,3,D,Diesel,85988
001288-2,314,2024,10,1,21,Fiat,5025,Ducato Maxi. Curta 2.3 T.Alto ME Diesel,2012,3,D,Diesel,75616
001286-6,314,2024,10,1,21,Fiat,5028,Ducato Minibus 2.3 T.Alto ME Diesel,2013,3,D,Diesel,102718
001286-6,314,2024,10,1,21,Fiat,5028,Ducato Minibus 2.3 T.Alto ME Diesel,2010,3,D,Diesel,72667
001022-7,314,2024,10,1,21,Fiat,470,Elba S 1.6/ 1.5ie / 1.5 / 1.3,1987,1,G,Gasolina,3718
001027-8,314,2024,10,1,21,Fiat,473,Fiorino Furg.1.5/1.3/1.3 Fire/1.3 F.Flex,2007,1,G,Gasolina,24065
001027-8,314,2024,10,1,21,Fiat,473,Fiorino Furg.1.5/1.3/1.3 Fire/1.3 F.Flex,1993,1,G,Gasolina,10107
001027-8,314,2024,10,1,21,Fiat,473,Fiorino Furg.1.5/1.3/1.3 Fire/1.3 F.Flex,1986,1,G,Gasolina,4808
001029-4,314,2024,10,1,21,Fiat,476,Fiorino Pick-Up 1.5 i.e./1.3/1.5/HD,1994,1,G,Gasolina,7920
001378-1,314,2024,10,1,21,Fiat,5925,Grand Siena ATTRAC. 1.4 EVO F.Flex 8V,2017,1,G,Gasolina,43395
001378-1,314,2024,10,1,21,Fiat,5925,Grand Siena ATTRAC. 1.4 EVO F.Flex 8V,2013,1,G,Gasolina,32410
001378-1,314,2024,10,1,21,Fiat,5925,Grand Siena ATTRAC. 1.4 EVO F.Flex 8V,2012,1,G,Gasolina,31040
001481-8,314,2024,10,1,21,Fiat,7824,Grand Siena ATTRACTIVE 1.0 Flex 8V 4p,2021,1,G,Gasolina,53000
001481-8,314,2024,10,1,21,Fiat,7824,Grand Siena ATTRACTIVE 1.0 Flex 8V 4p,2020,1,G,Gasolina,49380
001481-8,314,2024,10,1,21,Fiat,7824,Grand Siena ATTRACTIVE 1.0 Flex 8V 4p,2019,1,G,Gasolina,44126
001481-8,314,2024,10,1,21,Fiat,7824,Grand Siena ATTRACTIVE 1.0 Flex 8V 4p,2018,1,G,Gasolina,43049
001481-8,314,2024,10,1,21,Fiat,7824,Grand Siena ATTRACTIVE 1.0 Flex 8V 4p,2017,1,G,Gasolina,41869
001423-0,314,2024,10,1,21,Fiat,6955,Grand Siena ESSEN. ITALIA Dual. 1.6 Flex,2015,1,G,Gasolina,39494
001399-4,314,2024,10,1,21,Fiat,6488,Grand Siena ESSEN.SUBLIME 1.6 Flex,2018,1,G,Gasolina,44525
001399-4,314,2024,10,1,21,Fiat,6488,Grand Siena ESSEN.SUBLIME 1.6 Flex,2017,1,G,Gasolina,42521
001399-4,314,2024,10,1,21,Fiat,6488,Grand Siena ESSEN.SUBLIME 1.6 Flex,2016,1,G,Gasolina,40754
001399-4,314,2024,10,1,21,Fiat,6488,Grand Siena ESSEN.SUBLIME 1.6 Flex,2015,1,G,Gasolina,38542
001083-9,314,2024,10,1,21,Fiat,492,Marea Turbo 2.0 20V 4p,2000,1,G,Gasolina,23280
001461-3,314,2024,10,1,21,Fiat,7540,MOBI LIKE 1.0 Fire Flex 5p.,2019,1,G,Gasolina,43398
001176-2,314,2024,10,1,21,Fiat,505,Palio 1.0/ Trofeo 1.0 Fire/ Fire Flex 2p,2008,1,G,Gasolina,17615
001177-0,314,2024,10,1,21,Fiat,506,Palio 1.0/ Trofeo 1.0 Fire/ Fire Flex 4p,2007,1,G,Gasolina,19699
001031-6,314,2024,10,1,21,Fiat,517,Palio EL 1.5 mpi 2p e 4p,1998,1,G,Gasolina,9309
001066-9,314,2024,10,1,21,Fiat,519,Palio ELX 1.0/ 1.0 Fire Flex 8V 2p,2009,1,G,Gasolina,19259
001255-6,314,2024,10,1,21,Fiat,4673,Palio Weekend Adventure LOCKER 1.8 Flex,2014,1,G,Gasolina,41985
001035-9,314,2024,10,1,21,Fiat,570,Premio CSL 1.6/ 1.5,1988,1,G,Gasolina,4174
001316-1,314,2024,10,1,21,Fiat,5295,Punto ESSENCE 1.6 Flex 16V 5p,2013,1,G,Gasolina,35059
001342-0,314,2024,10,1,21,Fiat,5463,Punto ESSENCE Dualogic 1.6 Flex 16V 5p,2013,1,G,Gasolina,35065
001318-8,314,2024,10,1,21,Fiat,5297,Punto ESSENCE Dualogic 1.8 Flex 16V 5p,2011,1,G,Gasolina,30163
001319-6,314,2024,10,1,21,Fiat,5298,Punto Sporting Dualogic 1.8 Flex 16V 5p,2011,1,G,Gasolina,30320
001331-5,314,2024,10,1,21,Fiat,5361,Siena EL 1.4 mpi Fire Flex 8V 4p,2012,1,G,Gasolina,30743
001211-4,314,2024,10,1,21,Fiat,583,Siena ELX 1.0 mpi Fire/Fire Flex 8V 4p,2005,1,G,Gasolina,16521
001077-4,314,2024,10,1,21,Fiat,588,Siena ELX 1.6 mpi 8V/16V 4p,1998,1,G,Gasolina,8766
001323-4,314,2024,10,1,21,Fiat,5302,Siena ESSENCE Dualogic 1.6 Flex 16V 4p,2012,1,G,Gasolina,33315
001323-4,314,2024,10,1,21,Fiat,5302,Siena ESSENCE Dualogic 1.6 Flex 16V 4p,2011,1,G,Gasolina,31073
001157-6,314,2024,10,1,21,Fiat,590,Siena EX 1.0 mpi Fire 16v 4p,2002,1,G,Gasolina,10988
001157-6,314,2024,10,1,21,Fiat,590,Siena EX 1.0 mpi Fire 16v 4p,2001,1,G,Gasolina,9958
001198-3,314,2024,10,1,21,Fiat,591,Siena EX 1.3 mpi Fire 8V 67cv 4p,2004,1,G,Gasolina,14381
001198-3,314,2024,10,1,21,Fiat,591,Siena EX 1.3 mpi Fire 8V 67cv 4p,2003,1,G,Gasolina,14030
001197-5,314,2024,10,1,21,Fiat,592,Siena EX 1.8 mpi 8V 103cv 4p,2004,1,G,Gasolina,13487
001197-5,314,2024,10,1,21,Fiat,592,Siena EX 1.8 mpi 8V 103cv 4p,2003,1,G,Gasolina,13158
001016-2,314,2024,10,1,21,Fiat,593,Siena HL 1.6 mpi 16V,1998,1,G,Gasolina,10010
001016-2,314,2024,10,1,21,Fiat,593,Siena HL 1.6 mpi 16V,1997,1,G,Gasolina,8250
001411-7,314,2024,10,1,21,Fiat,6637,Strada Adv.1.8 16V Dualogic Flex CE,2016,1,G,Gasolina,57850
001525-3,314,2024,10,1,21,Fiat,10071,Toro Ultra 2.0 16V 4x4 TB Diesel Aut.,2020,3,D,Diesel,126092
001424-9,314,2024,10,1,21,Fiat,6957,UNO ATTRACTIVE 1.0 Fire Flex 8V 5p,2019,1,G,Gasolina,41070
001161-4,314,2024,10,1,21,Fiat,644,Uno Mille 1.0 Fire/ F.Flex/ ECONOMY 2p,2009,1,G,Gasolina,17826
001161-4,314,2024,10,1,21,Fiat,644,Uno Mille 1.0 Fire/ F.Flex/ ECONOMY 2p,2003,1,G,Gasolina,10615
001245-9,314,2024,10,1,21,Fiat,4316,Uno Mille Celeb/Celeb.ECON 1.0 F.Flex 2p,2008,1,G,Gasolina,15825
001050-2,314,2024,10,1,21,Fiat,653,Uno S 1.5 i.e. / 1.5 / 1.3/ SX 1.3,1989,1,G,Gasolina,5423
001307-2,314,2024,10,1,21,Fiat,5242,UNO VIVACE Celeb. 1.0 EVO F.Flex 8V 5p,2012,1,G,Gasolina,27721
001305-6,314,2024,10,1,21,Fiat,5243,UNO WAY 1.0 EVO Fire Flex 8V 5p,2011,1,G,Gasolina,27882
067003-0,314,2024,10,1,149,Fibravan,4660,Buggy Vip 1.6 8V Total Flex,2010,1,G,Gasolina,19592
003135-6,314,2024,10,1,22,Ford,672,Del Rey Belina Ghia,1987,1,G,Gasolina,4483
003025-2,314,2024,10,1,22,Ford,676,Del Rey Ghia 1.8 / 1.6 2p e 4p,1986,1,G,Gasolina,5399
003373-1,314,2024,10,1,22,Ford,6263,EcoSport SE 2.0 16V Flex 5p Aut.,2013,1,G,Gasolina,50254
003470-3,314,2024,10,1,22,Ford,8588,EcoSport TITANIUM 1.5 12V Flex 5p Aut.,2021,1,G,Gasolina,83948
003470-3,314,2024,10,1,22,Ford,8588,EcoSport TITANIUM 1.5 12V Flex 5p Aut.,2020,1,G,Gasolina,81525
003470-3,314,2024,10,1,22,Ford,8588,EcoSport TITANIUM 1.5 12V Flex 5p Aut.,2019,1,G,Gasolina,75407
003368-5,314,2024,10,1,22,Ford,6161,EcoSport TITANIUM 1.6 16V Flex 5p,2015,1,G,Gasolina,53870
003368-5,314,2024,10,1,22,Ford,6161,EcoSport TITANIUM 1.6 16V Flex 5p,2014,1,G,Gasolina,51845
003368-5,314,2024,10,1,22,Ford,6161,EcoSport TITANIUM 1.6 16V Flex 5p,2013,1,G,Gasolina,49220
003370-7,314,2024,10,1,22,Ford,6162,EcoSport TITANIUM 2.0 16V Flex 5p,2015,1,G,Gasolina,54312
003370-7,314,2024,10,1,22,Ford,6162,EcoSport TITANIUM 2.0 16V Flex 5p,2014,1,G,Gasolina,51922
003370-7,314,2024,10,1,22,Ford,6162,EcoSport TITANIUM 2.0 16V Flex 5p,2013,1,G,Gasolina,49645
003374-0,314,2024,10,1,22,Ford,6264,EcoSport TITANIUM 2.0 16V Flex 5p Aut.,2019,1,G,Gasolina,77065
003374-0,314,2024,10,1,22,Ford,6264,EcoSport TITANIUM 2.0 16V Flex 5p Aut.,2014,1,G,Gasolina,52458
003271-9,314,2024,10,1,22,Ford,684,EcoSport XLT 2.0/ 2.0 Flex 16V 5p Mec.,2005,1,G,Gasolina,24422
003005-8,314,2024,10,1,22,Ford,692,Escort GL 1.8i 16V 4p,1999,1,G,Gasolina,8029
003038-4,314,2024,10,1,22,Ford,706,Escort XR3 1.8 / 1.6 Beneton/Form./Laser,1985,1,G,Gasolina,3857
003046-5,314,2024,10,1,22,Ford,732,F-1000 Super Diesel / Super Diesel Turbo,1990,3,D,Diesel,62450
003310-3,314,2024,10,1,22,Ford,4135,Fiesta 1.0 8V Flex/Class 1.0 8V Flex 5p,2010,1,G,Gasolina,20852
003286-7,314,2024,10,1,22,Ford,772,Fiesta 1.6 8V Flex/Class 1.6 8V Flex 5p,2006,1,G,Gasolina,17436
003311-1,314,2024,10,1,22,Ford,4136,Fiesta Sedan 1.0 8V Flex 4p,2008,1,G,Gasolina,20485
003228-0,314,2024,10,1,22,Ford,798,Focus 2.0 16V/ 2.0 16V Flex 5p,2008,1,G,Gasolina,21918
003228-0,314,2024,10,1,22,Ford,798,Focus 2.0 16V/ 2.0 16V Flex 5p,2002,1,G,Gasolina,13265
003284-0,314,2024,10,1,22,Ford,804,Focus Sedan 1.6/1.6 Flex 8V/16V 4p Mec.,2010,1,G,Gasolina,30065
003284-0,314,2024,10,1,22,Ford,804,Focus Sedan 1.6/1.6 Flex 8V/16V 4p Mec.,2009,1,G,Gasolina,26148
003284-0,314,2024,10,1,22,Ford,804,Focus Sedan 1.6/1.6 Flex 8V/16V 4p Mec.,2007,1,G,Gasolina,19231
003284-0,314,2024,10,1,22,Ford,804,Focus Sedan 1.6/1.6 Flex 8V/16V 4p Mec.,2005,1,G,Gasolina,16024
003284-0,314,2024,10,1,22,Ford,804,Focus Sedan 1.6/1.6 Flex 8V/16V 4p Mec.,2004,1,G,Gasolina,14503
003265-4,314,2024,10,1,22,Ford,805,Focus Sedan 1.8 16V 115cv 4p,2004,1,G,Gasolina,12265
003265-4,314,2024,10,1,22,Ford,805,Focus Sedan 1.8 16V 115cv 4p,2003,1,G,Gasolina,10797
003225-5,314,2024,10,1,22,Ford,806,Focus Sedan 2.0 16V/2.0 16V Flex 4p,2013,1,G,Gasolina,38906
003225-5,314,2024,10,1,22,Ford,806,Focus Sedan 2.0 16V/2.0 16V Flex 4p,2012,1,G,Gasolina,36181
003225-5,314,2024,10,1,22,Ford,806,Focus Sedan 2.0 16V/2.0 16V Flex 4p,2011,1,G,Gasolina,33081
003225-5,314,2024,10,1,22,Ford,806,Focus Sedan 2.0 16V/2.0 16V Flex 4p,2010,1,G,Gasolina,31430
003225-5,314,2024,10,1,22,Ford,806,Focus Sedan 2.0 16V/2.0 16V Flex 4p,2009,1,G,Gasolina,29019
003225-5,314,2024,10,1,22,Ford,806,Focus Sedan 2.0 16V/2.0 16V Flex 4p,2008,1,G,Gasolina,24343
003225-5,314,2024,10,1,22,Ford,806,Focus Sedan 2.0 16V/2.0 16V Flex 4p,2002,1,G,Gasolina,14333
003264-6,314,2024,10,1,22,Ford,814,Ka Action 1.6 MPI 8V 95cv,2003,1,G,Gasolina,15805
003232-8,314,2024,10,1,22,Ford,823,Ka XR 1.6 MPI 8V,2004,1,G,Gasolina,20894
003223-9,314,2024,10,1,22,Ford,834,Mondeo GLX 2.0 16V 4p Aut,1996,1,G,Gasolina,8076
003054-6,314,2024,10,1,22,Ford,845,Pampa L 1.6,1989,1,G,Gasolina,7434
003055-4,314,2024,10,1,22,Ford,846,Pampa L 1.8i / 1.8,1995,2,Á,Álcool,13747
003364-2,314,2024,10,1,22,Ford,10741,Ranger Limited 3.2 4x4 CD Diesel Aut.,2017,3,D,Diesel,135029
003394-4,314,2024,10,1,22,Ford,6527,Ranger TROPIVAN 2.5 16V 4X2 Flex,2016,1,G,Gasolina,102784
003235-2,314,2024,10,1,22,Ford,865,Ranger XL 2.3 16v 137cv 4x2 CS Repower.,2006,1,G,Gasolina,39731
003299-9,314,2024,10,1,22,Ford,3815,Ranger XL 3.0 PSE 163cv 4x2 CS TB Diesel,2007,3,D,Diesel,46513
003086-4,314,2024,10,1,22,Ford,874,Ranger XL 4.0 CS,1996,1,G,Gasolina,34739
003293-0,314,2024,10,1,22,Ford,883,Ranger XLS 3.0 PSE 163cv 4x4 CD TB Dies.,2007,3,D,Diesel,54366
003363-4,314,2024,10,1,22,Ford,6171,Ranger XLT 3.2 20V 4x4 CD Diesel Aut.,32000,3,D,Diesel,248159
003363-4,314,2024,10,1,22,Ford,6171,Ranger XLT 3.2 20V 4x4 CD Diesel Aut.,2023,3,D,Diesel,195767
003363-4,314,2024,10,1,22,Ford,6171,Ranger XLT 3.2 20V 4x4 CD Diesel Aut.,2022,3,D,Diesel,172320
003363-4,314,2024,10,1,22,Ford,6171,Ranger XLT 3.2 20V 4x4 CD Diesel Aut.,2021,3,D,Diesel,167277
003363-4,314,2024,10,1,22,Ford,6171,Ranger XLT 3.2 20V 4x4 CD Diesel Aut.,2020,3,D,Diesel,163197
003363-4,314,2024,10,1,22,Ford,6171,Ranger XLT 3.2 20V 4x4 CD Diesel Aut.,2019,3,D,Diesel,143760
003363-4,314,2024,10,1,22,Ford,6171,Ranger XLT 3.2 20V 4x4 CD Diesel Aut.,2017,3,D,Diesel,133134
003363-4,314,2024,10,1,22,Ford,6171,Ranger XLT 3.2 20V 4x4 CD Diesel Aut.,2015,3,D,Diesel,110185
003363-4,314,2024,10,1,22,Ford,6171,Ranger XLT 3.2 20V 4x4 CD Diesel Aut.,2014,3,D,Diesel,105214
003363-4,314,2024,10,1,22,Ford,6171,Ranger XLT 3.2 20V 4x4 CD Diesel Aut.,2013,3,D,Diesel,99886
003240-9,314,2024,10,1,22,Ford,896,Ranger XLT 4.0 12v V6 210cv 4x4 CD Repow,2004,1,G,Gasolina,42715
003240-9,314,2024,10,1,22,Ford,896,Ranger XLT 4.0 12v V6 210cv 4x4 CD Repow,2003,1,G,Gasolina,41673
003061-9,314,2024,10,1,22,Ford,904,Royale Ghia 2.0/2.0i 2p e 4p,1993,1,G,Gasolina,7072
003127-5,314,2024,10,1,22,Ford,908,Taurus GL SW 3.0 V6 24V,1991,1,G,Gasolina,6440
003184-4,314,2024,10,1,22,Ford,912,Thunderbird SC 3.8 V6,1994,1,G,Gasolina,23442
003184-4,314,2024,10,1,22,Ford,912,Thunderbird SC 3.8 V6,1991,1,G,Gasolina,18637
003070-8,314,2024,10,1,22,Ford,922,Versailles GL 1.8i / 1.8 2p e 4p,1992,1,G,Gasolina,5668
004023-1,314,2024,10,1,23,GM - Chevrolet,930,A-20 Custom/ C-20 S 4.1,1994,1,G,Gasolina,16292
004023-1,314,2024,10,1,23,GM - Chevrolet,930,A-20 Custom/ C-20 S 4.1,1989,1,G,Gasolina,12775
004023-1,314,2024,10,1,23,GM - Chevrolet,930,A-20 Custom/ C-20 S 4.1,1985,1,G,Gasolina,8949
004168-8,314,2024,10,1,23,GM - Chevrolet,959,Astra Sedan 2.0/CD/ Expres.GLS 2.0 8V 4p,2000,1,G,Gasolina,15276
004183-1,314,2024,10,1,23,GM - Chevrolet,969,Brasinca Blazer CD 4.0 Diesel,1991,3,D,Diesel,49400
004130-0,314,2024,10,1,23,GM - Chevrolet,977,C-20 Custom Std. 4.1,1990,1,G,Gasolina,15495
004132-7,314,2024,10,1,23,GM - Chevrolet,978,C-20 Custom Std. CD 4.1,1993,1,G,Gasolina,23270
004137-8,314,2024,10,1,23,GM - Chevrolet,988,Caravan L/SL/S/SS 2.5/4.1/4.2,1987,1,G,Gasolina,5175
004463-6,314,2024,10,1,23,GM - Chevrolet,7257,COBALT Graphite 1.8 8V Econo.Flex 4p Aut,2015,1,G,Gasolina,38695
004462-8,314,2024,10,1,23,GM - Chevrolet,7258,COBALT Graphite 1.8 8V Econo.Flex 4p Mec,2015,1,G,Gasolina,37167
004383-4,314,2024,10,1,23,GM - Chevrolet,5723,COBALT LS 1.4 8V FlexPower 4p,2015,1,G,Gasolina,36433
004383-4,314,2024,10,1,23,GM - Chevrolet,5723,COBALT LS 1.4 8V FlexPower 4p,2014,1,G,Gasolina,34927
004383-4,314,2024,10,1,23,GM - Chevrolet,5723,COBALT LS 1.4 8V FlexPower 4p,2013,1,G,Gasolina,33442
004383-4,314,2024,10,1,23,GM - Chevrolet,5723,COBALT LS 1.4 8V FlexPower 4p,2012,1,G,Gasolina,29627
004383-4,314,2024,10,1,23,GM - Chevrolet,5723,COBALT LS 1.4 8V FlexPower 4p,2011,1,G,Gasolina,28180
004384-2,314,2024,10,1,23,GM - Chevrolet,5724,COBALT LT 1.4 8V FlexPower/EconoFlex 4p,2020,1,G,Gasolina,58006
004384-2,314,2024,10,1,23,GM - Chevrolet,5724,COBALT LT 1.4 8V FlexPower/EconoFlex 4p,2019,1,G,Gasolina,56591
004384-2,314,2024,10,1,23,GM - Chevrolet,5724,COBALT LT 1.4 8V FlexPower/EconoFlex 4p,2018,1,G,Gasolina,52773
004384-2,314,2024,10,1,23,GM - Chevrolet,5724,COBALT LT 1.4 8V FlexPower/EconoFlex 4p,2017,1,G,Gasolina,44751
004384-2,314,2024,10,1,23,GM - Chevrolet,5724,COBALT LT 1.4 8V FlexPower/EconoFlex 4p,2016,1,G,Gasolina,43659
004384-2,314,2024,10,1,23,GM - Chevrolet,5724,COBALT LT 1.4 8V FlexPower/EconoFlex 4p,2013,1,G,Gasolina,34758
004421-0,314,2024,10,1,23,GM - Chevrolet,6174,COBALT LTZ 1.8 8V Econo.Flex 4p Aut.,2015,1,G,Gasolina,43807
004086-0,314,2024,10,1,23,GM - Chevrolet,1028,Corsa Pick-Up STD/ Rodeio 1.6 MPFI,1998,1,G,Gasolina,15327
004032-0,314,2024,10,1,23,GM - Chevrolet,1049,Corsa Sedan GLS 1.6 MPFI 4p,1997,1,G,Gasolina,10789
004187-4,314,2024,10,1,23,GM - Chevrolet,1077,D-20 S 3.9/4.0 Turbo Diesel,1987,3,D,Diesel,54327
004294-3,314,2024,10,1,23,GM - Chevrolet,1095,Meriva Premium 1.8 MPFI 8V FlexPower,2005,1,G,Gasolina,20132
004365-6,314,2024,10,1,23,GM - Chevrolet,5108,MONTANA Sport 1.4 ECONOFLEX 8V 2p,2015,1,G,Gasolina,48228
004047-9,314,2024,10,1,23,GM - Chevrolet,1103,Monza GL 1.8 EFI/ SL/ L/ 650/Barc. 2e4p,1993,1,G,Gasolina,9698
004047-9,314,2024,10,1,23,GM - Chevrolet,1103,Monza GL 1.8 EFI/ SL/ L/ 650/Barc. 2e4p,1986,1,G,Gasolina,3918
004472-5,314,2024,10,1,23,GM - Chevrolet,7690,ONIX HATCH ACTIV 1.4 8V Flex 5p Mec.,2017,1,G,Gasolina,60484
004423-7,314,2024,10,1,23,GM - Chevrolet,6231,ONIX HATCH LS 1.0 8V FlexPower 5p Mec.,2014,1,G,Gasolina,37828
004514-4,314,2024,10,1,23,GM - Chevrolet,8890,ONIX HATCH LT 1.0 12V TB Flex 5p Aut.,2021,1,G,Gasolina,75724
004516-0,314,2024,10,1,23,GM - Chevrolet,8894,ONIX HATCH PREM. 1.0 12V TB Flex 5p Aut.,2020,1,G,Gasolina,77976
004104-1,314,2024,10,1,23,GM - Chevrolet,1116,Opala L/SL/SS/ 2.5/4.1,1990,1,G,Gasolina,23924
004452-0,314,2024,10,1,23,GM - Chevrolet,6866,PRISMA Sed. ADVANT. 1.0 8V FlexPower 4p,2015,1,G,Gasolina,42506
004466-0,314,2024,10,1,23,GM - Chevrolet,7373,PRISMA Sed. ADVANT. 1.4 8V F.Power Aut.,2019,1,G,Gasolina,63506
004466-0,314,2024,10,1,23,GM - Chevrolet,7373,PRISMA Sed. ADVANT. 1.4 8V F.Power Aut.,2018,1,G,Gasolina,57903
004466-0,314,2024,10,1,23,GM - Chevrolet,7373,PRISMA Sed. ADVANT. 1.4 8V F.Power Aut.,2016,1,G,Gasolina,54076
004332-0,314,2024,10,1,23,GM - Chevrolet,4189,PRISMA Sed. Joy 1.4 8V ECONOFLEX 4p,2010,1,G,Gasolina,23894
004332-0,314,2024,10,1,23,GM - Chevrolet,4189,PRISMA Sed. Joy 1.4 8V ECONOFLEX 4p,2009,1,G,Gasolina,23311
004332-0,314,2024,10,1,23,GM - Chevrolet,4189,PRISMA Sed. Joy 1.4 8V ECONOFLEX 4p,2008,1,G,Gasolina,22404
004358-3,314,2024,10,1,23,GM - Chevrolet,4849,PRISMA Sed. Joy/ LS 1.0 8V FlexPower 4p,2017,1,G,Gasolina,43998
004358-3,314,2024,10,1,23,GM - Chevrolet,4849,PRISMA Sed. Joy/ LS 1.0 8V FlexPower 4p,2012,1,G,Gasolina,25017
004308-7,314,2024,10,1,23,GM - Chevrolet,1120,S10 Blazer Advant. 2.4/2.4 MPFI F.Power,2005,1,G,Gasolina,32538
004397-4,314,2024,10,1,23,GM - Chevrolet,5896,S10 Pick-Up LTZ 2.8 TDI 4x4 CD Dies.Aut,2022,3,D,Diesel,190565
004397-4,314,2024,10,1,23,GM - Chevrolet,5896,S10 Pick-Up LTZ 2.8 TDI 4x4 CD Dies.Aut,2018,3,D,Diesel,147596
004397-4,314,2024,10,1,23,GM - Chevrolet,5896,S10 Pick-Up LTZ 2.8 TDI 4x4 CD Dies.Aut,2013,3,D,Diesel,106326
004176-9,314,2024,10,1,23,GM - Chevrolet,1154,S10 Pick-Up Luxe 2.8 4x2 CD TB Int.Dies.,2000,3,D,Diesel,44262
004179-3,314,2024,10,1,23,GM - Chevrolet,1159,S10 Pick-Up Std 2.8 4x4 CD TB Int.Dies.,2001,3,D,Diesel,48918
004490-3,314,2024,10,1,23,GM - Chevrolet,8450,SPIN ACTIV7 1.8 8V Econo.Flex 5p Aut.,2019,1,G,Gasolina,75758
004417-2,314,2024,10,1,23,GM - Chevrolet,6105,SPIN LTZ 1.8 8V Econo.Flex 5p Aut.,2016,1,G,Gasolina,56429
004494-6,314,2024,10,1,23,GM - Chevrolet,8691,SPIN PREMIER 1.8 8V Econo.Flex 5p Aut.,2022,1,G,Gasolina,87762
004495-4,314,2024,10,1,23,GM - Chevrolet,8692,SPIN PREMIER 1.8 8V Econo.Flex 5p Mec.,2021,1,G,Gasolina,82356
004078-9,314,2024,10,1,23,GM - Chevrolet,1209,Trafic Furgão Carga 2.1 Diesel,1993,3,D,Diesel,9855
004065-7,314,2024,10,1,23,GM - Chevrolet,1221,Vectra GL 2.2 / 2.0 MPFI,1998,1,G,Gasolina,14213
004070-3,314,2024,10,1,23,GM - Chevrolet,1226,Veraneio S / Luxe 4.1,1989,1,G,Gasolina,27701
004245-5,314,2024,10,1,23,GM - Chevrolet,1231,Zafira Comfort 2.0 MPFI FlexPower 8V 5p,2011,1,G,Gasolina,30155
004245-5,314,2024,10,1,23,GM - Chevrolet,1231,Zafira Comfort 2.0 MPFI FlexPower 8V 5p,2010,1,G,Gasolina,28082
004245-5,314,2024,10,1,23,GM - Chevrolet,1231,Zafira Comfort 2.0 MPFI FlexPower 8V 5p,2009,1,G,Gasolina,25523
004245-5,314,2024,10,1,23,GM - Chevrolet,1231,Zafira Comfort 2.0 MPFI FlexPower 8V 5p,2008,1,G,Gasolina,24009
004245-5,314,2024,10,1,23,GM - Chevrolet,1231,Zafira Comfort 2.0 MPFI FlexPower 8V 5p,2007,1,G,Gasolina,20886
004245-5,314,2024,10,1,23,GM - Chevrolet,1231,Zafira Comfort 2.0 MPFI FlexPower 8V 5p,2005,1,G,Gasolina,19762
004247-1,314,2024,10,1,23,GM - Chevrolet,1232,Zafira Eleg.2.0 MPFI FlexPower 8V 5p Aut,2012,1,G,Gasolina,38058
004247-1,314,2024,10,1,23,GM - Chevrolet,1232,Zafira Eleg.2.0 MPFI FlexPower 8V 5p Aut,2011,1,G,Gasolina,35951
004247-1,314,2024,10,1,23,GM - Chevrolet,1232,Zafira Eleg.2.0 MPFI FlexPower 8V 5p Aut,2010,1,G,Gasolina,34655
004247-1,314,2024,10,1,23,GM - Chevrolet,1232,Zafira Eleg.2.0 MPFI FlexPower 8V 5p Aut,2007,1,G,Gasolina,28192
004247-1,314,2024,10,1,23,GM - Chevrolet,1232,Zafira Eleg.2.0 MPFI FlexPower 8V 5p Aut,2005,1,G,Gasolina,23434
014014-7,314,2024,10,1,25,Honda,1242,Accord Sedan EX 2.4/2.3/ 2.2 16V,2001,1,G,Gasolina,23922
014014-7,314,2024,10,1,25,Honda,1242,Accord Sedan EX 2.4/2.3/ 2.2 16V,1995,1,G,Gasolina,17695
014015-5,314,2024,10,1,25,Honda,1244,Accord Sedan EXR,1995,1,G,Gasolina,12260
014068-6,314,2024,10,1,25,Honda,5373,CITY Sedan DX 1.5 Flex 16V Mec.,2016,1,G,Gasolina,60905
014009-0,314,2024,10,1,25,Honda,1250,Civic Sedan EX/ EXS 1.6 Mec. 4p,1992,1,G,Gasolina,8816
014054-6,314,2024,10,1,25,Honda,4630,CR-V LX 2.0 16V 2WD/2.0 Flexone Aut.,2009,1,G,Gasolina,49565
014039-2,314,2024,10,1,25,Honda,1276,Fit LX 1.4/ 1.4 Flex 8V/16V 5p Mec.,2008,1,G,Gasolina,29603
014039-2,314,2024,10,1,25,Honda,1276,Fit LX 1.4/ 1.4 Flex 8V/16V 5p Mec.,2005,1,G,Gasolina,22436
015032-0,314,2024,10,1,26,Hyundai,1286,Accent GLS 1.5 12V/16V Aut.,1996,1,G,Gasolina,6870
015035-5,314,2024,10,1,26,Hyundai,1292,Atos Prime GLS 1.0 Aut.,2000,1,G,Gasolina,13845
015142-4,314,2024,10,1,26,Hyundai,7829,Creta Attitude 1.6 16V Flex Mec.,2019,1,G,Gasolina,80031
015038-0,314,2024,10,1,26,Hyundai,1320,H100 GL Diesel,1999,3,D,Diesel,18655
015013-4,314,2024,10,1,26,Hyundai,1324,H100 GS Diesel (12 lugares),1994,3,D,Diesel,10832
015088-6,314,2024,10,1,26,Hyundai,6205,HB20 Comf./C.Plus/C.Style 1.0 Flex 12V,2013,1,G,Gasolina,38671
015092-4,314,2024,10,1,26,Hyundai,6208,HB20 Premium 1.6 Flex 16V Aut.,2014,1,G,Gasolina,49723
015165-3,314,2024,10,1,26,Hyundai,8854,HB20 Sense 1.0 Flex 12V Mec.,2024,1,G,Gasolina,67292
015086-0,314,2024,10,1,26,Hyundai,5931,ix35 GLS 2.0 16V 2WD Flex Aut.,2015,1,G,Gasolina,71281
046003-6,314,2024,10,1,27,Isuzu,1350,Rodeo 3.2 V6,1992,1,G,Gasolina,8526
089009-0,314,2024,10,1,208,IVECO,9692,DAILY CH. 65-170 CD Longo 3.0 (Diesel),2020,3,D,Diesel,169104
080032-5,314,2024,10,1,177,JAC,11192,iEV 750V 163cv 4p Aut. (Elétrico),32000,1,G,Gasolina,435239
016028-8,314,2024,10,1,28,Jaguar,5453,XJ S.Sport Supercharged 5.0 V8 32V Aut.,2010,1,G,Gasolina,208859
016007-5,314,2024,10,1,28,Jaguar,1367,XK-8 BR Coupe/ XK-8 Coupe,1998,1,G,Gasolina,82148
016014-8,314,2024,10,1,28,Jaguar,1370,X-Type SE 3.0 V6 231cv,2004,1,G,Gasolina,77534
024214-4,314,2024,10,1,44,Peugeot,7205,2008 Griffe 1.6 Turbo Flex 16V 5p Mec.,2015,1,G,Gasolina,51412
024082-6,314,2024,10,1,44,Peugeot,1862,206 Selection/ Sensation 1.0 16v 3p,2001,1,G,Gasolina,5360
024146-6,314,2024,10,1,44,Peugeot,4722,207 XR 1.4 Flex 8V 5p,2010,1,G,Gasolina,18934
024249-7,314,2024,10,1,44,Peugeot,9200,208 Active 1.6 Flex 16V 5p Aut.,2021,1,G,Gasolina,70690
024106-7,314,2024,10,1,44,Peugeot,1897,307 Feline/Griff/Premi. 2.0 Flex 5p Aut.,2006,1,G,Gasolina,16118
024107-5,314,2024,10,1,44,Peugeot,1902,307 Rallye 2.0 16V 138cv 5p Aut.,2006,1,G,Gasolina,18206
024107-5,314,2024,10,1,44,Peugeot,1902,307 Rallye 2.0 16V 138cv 5p Aut.,2005,1,G,Gasolina,17177
024107-5,314,2024,10,1,44,Peugeot,1902,307 Rallye 2.0 16V 138cv 5p Aut.,2004,1,G,Gasolina,16033
024127-0,314,2024,10,1,44,Peugeot,4144,307 Sed. Feline 2.0/2.0 Flex 16V 4p Mec.,2010,1,G,Gasolina,23423
024127-0,314,2024,10,1,44,Peugeot,4144,307 Sed. Feline 2.0/2.0 Flex 16V 4p Mec.,2009,1,G,Gasolina,22388
024127-0,314,2024,10,1,44,Peugeot,4144,307 Sed. Feline 2.0/2.0 Flex 16V 4p Mec.,2008,1,G,Gasolina,18913
024127-0,314,2024,10,1,44,Peugeot,4144,307 Sed. Feline 2.0/2.0 Flex 16V 4p Mec.,2007,1,G,Gasolina,15996
024126-1,314,2024,10,1,44,Peugeot,4146,307 Sed. Presence 1.6 Flex 16V 4p,2012,1,G,Gasolina,28833
024126-1,314,2024,10,1,44,Peugeot,4146,307 Sed. Presence 1.6 Flex 16V 4p,2011,1,G,Gasolina,27291
024126-1,314,2024,10,1,44,Peugeot,4146,307 Sed. Presence 1.6 Flex 16V 4p,2010,1,G,Gasolina,24485
024126-1,314,2024,10,1,44,Peugeot,4146,307 Sed. Presence 1.6 Flex 16V 4p,2009,1,G,Gasolina,21714
024126-1,314,2024,10,1,44,Peugeot,4146,307 Sed. Presence 1.6 Flex 16V 4p,2008,1,G,Gasolina,19300
024126-1,314,2024,10,1,44,Peugeot,4146,307 Sed. Presence 1.6 Flex 16V 4p,2007,1,G,Gasolina,17847
024179-2,314,2024,10,1,44,Peugeot,5506,408 Sedan Feline 2.0 Flex 16V 4p Aut.,2012,1,G,Gasolina,34232
024053-2,314,2024,10,1,44,Peugeot,1938,605 SV-3 3.0 V6 24V,1994,1,G,Gasolina,9372
024163-6,314,2024,10,1,44,Peugeot,5077,Boxer 2.3 Furg.TB Dies. Méd/ LongoT.Alto,2010,3,D,Diesel,69402
024093-1,314,2024,10,1,44,Peugeot,1946,Boxer 2.8 Furgão Dies/ TB Dies.curto/méd,2003,3,D,Diesel,26790