fipe_cod,tabela_id,anoref,mesref,tipo,marca_id,marca,modelo_id,modelo,anomod,comb_cod,comb_sigla,comb,valor
060003-2,317,2025,1,1,2,Agrale,4564,MARRUÁ AM 100 2.8  CS TDI Diesel,2008,3,D,Diesel,45852
060007-5,317,2025,1,1,2,Agrale,4568,MARRUÁ AM 200 2.8 CS TDI Diesel,2016,3,D,Diesel,129383
060007-5,317,2025,1,1,2,Agrale,4568,MARRUÁ AM 200 2.8 CS TDI Diesel,2009,3,D,Diesel,58056
006007-0,317,2025,1,1,3,Alfa Romeo,20,Spider 2.0/3.0,1992,1,G,Gasolina,32525
007001-7,317,2025,1,1,5,Asia Motors,26,Hi-Topic SLX/SDX/DLX Full Diesel,1998,3,D,Diesel,15631
007014-9,317,2025,1,1,5,Asia Motors,31,Topic Luxo Diesel,1999,3,D,Diesel,16056
007014-9,317,2025,1,1,5,Asia Motors,31,Topic Luxo Diesel,1998,3,D,Diesel,15157
007014-9,317,2025,1,1,5,Asia Motors,31,Topic Luxo Diesel,1997,3,D,Diesel,12877
007015-7,317,2025,1,1,5,Asia Motors,32,Topic Super Luxo Diesel,1999,3,D,Diesel,19981
007015-7,317,2025,1,1,5,Asia Motors,32,Topic Super Luxo Diesel,1998,3,D,Diesel,15449
007015-7,317,2025,1,1,5,Asia Motors,32,Topic Super Luxo Diesel,1997,3,D,Diesel,14798
007015-7,317,2025,1,1,5,Asia Motors,32,Topic Super Luxo Diesel,1996,3,D,Diesel,13016
007003-3,317,2025,1,1,5,Asia Motors,33,Towner Coach Full,1998,1,G,Gasolina,6490
007003-3,317,2025,1,1,5,Asia Motors,33,Towner Coach Full,1997,1,G,Gasolina,6142
007003-3,317,2025,1,1,5,Asia Motors,33,Towner Coach Full,1996,1,G,Gasolina,5862
007003-3,317,2025,1,1,5,Asia Motors,33,Towner Coach Full,1995,1,G,Gasolina,5719
007009-2,317,2025,1,1,5,Asia Motors,34,Towner Furgão,1999,1,G,Gasolina,6000
008002-0,317,2025,1,1,6,Audi,49,80 2.6/2.8 Avant,1994,1,G,Gasolina,22606
008074-8,317,2025,1,1,6,Audi,61,A3 1.8 Turbo 180cv 3p Mec.,2000,1,G,Gasolina,17828
008045-4,317,2025,1,1,6,Audi,66,A3 1.8 Turbo 5p Aut.,2002,1,G,Gasolina,25588
008044-6,317,2025,1,1,6,Audi,67,A3 1.8 Turbo 5p Mec.,2002,1,G,Gasolina,22692
008275-9,317,2025,1,1,6,Audi,9964,A3 Sportb. Perf. Black 2.0 S-tron.(Híb.),2022,1,G,Gasolina,231082
008047-0,317,2025,1,1,6,Audi,68,A4 1.8  Aut.,1995,1,G,Gasolina,12952
008070-5,317,2025,1,1,6,Audi,75,A4 1.8 Turbo,1995,1,G,Gasolina,13141
008208-2,317,2025,1,1,6,Audi,7656,A4 Attraction 2.0 TFSI 190cv S tronic,2017,1,G,Gasolina,98449
008068-3,317,2025,1,1,6,Audi,110,A6 2.7 Avant Quattro Tiptronic,2001,1,G,Gasolina,40790
008159-0,317,2025,1,1,6,Audi,6044,Q3 2.0 TFSI Quat. 170/180cv S-tronic 5p,2014,1,G,Gasolina,83253
008304-6,317,2025,1,1,6,Audi,11135,Q3 Perf. Black.Plus 2.0 TFSI Tip. Quat.,32000,1,G,Gasolina,375490
008304-6,317,2025,1,1,6,Audi,11135,Q3 Perf. Black.Plus 2.0 TFSI Tip. Quat.,2025,1,G,Gasolina,334186
008304-6,317,2025,1,1,6,Audi,11135,Q3 Perf. Black.Plus 2.0 TFSI Tip. Quat.,2024,1,G,Gasolina,323689
008284-8,317,2025,1,1,6,Audi,9871,Q3 Performance 2.0 TFSI Tiptr. Quattro,32000,1,G,Gasolina,338192
008284-8,317,2025,1,1,6,Audi,9871,Q3 Performance 2.0 TFSI Tiptr. Quattro,2025,1,G,Gasolina,314521
008284-8,317,2025,1,1,6,Audi,9871,Q3 Performance 2.0 TFSI Tiptr. Quattro,2024,1,G,Gasolina,305103
008284-8,317,2025,1,1,6,Audi,9871,Q3 Performance 2.0 TFSI Tiptr. Quattro,2023,1,G,Gasolina,259576
008284-8,317,2025,1,1,6,Audi,9871,Q3 Performance 2.0 TFSI Tiptr. Quattro,2022,1,G,Gasolina,241122
008227-9,317,2025,1,1,6,Audi,8568,Q3 Prest. 1.4 TFSI Flex/Prest. S-tronic,2022,1,G,Gasolina,218670
008227-9,317,2025,1,1,6,Audi,8568,Q3 Prest. 1.4 TFSI Flex/Prest. S-tronic,2021,1,G,Gasolina,182788
008227-9,317,2025,1,1,6,Audi,8568,Q3 Prest. 1.4 TFSI Flex/Prest. S-tronic,2020,1,G,Gasolina,159052
008227-9,317,2025,1,1,6,Audi,8568,Q3 Prest. 1.4 TFSI Flex/Prest. S-tronic,2019,1,G,Gasolina,116975
008238-4,317,2025,1,1,6,Audi,8584,Q5 Prestige 2.0 TFSI Quattro S tronic,2020,1,G,Gasolina,176311
008155-8,317,2025,1,1,6,Audi,5550,R8 Spyder 5.2 Quattro R-tronic/S-tronic,2010,1,G,Gasolina,586897
008066-7,317,2025,1,1,6,Audi,133,S3 1.8 225cv Turbo Quattro,2000,1,G,Gasolina,62965
008126-4,317,2025,1,1,6,Audi,4330,TT 2.0 16v TFSI S-Tronic,2013,1,G,Gasolina,151472
008126-4,317,2025,1,1,6,Audi,4330,TT 2.0 16v TFSI S-Tronic,2008,1,G,Gasolina,120621
008176-0,317,2025,1,1,6,Audi,6258,TTRS 2.5 TFSI QUATTRO S Tronic,2013,1,G,Gasolina,265673
008142-6,317,2025,1,1,6,Audi,5129,TTS Roadster 2.0 TB FSI Quattro S Tronic,2014,1,G,Gasolina,208384
008142-6,317,2025,1,1,6,Audi,5129,TTS Roadster 2.0 TB FSI Quattro S Tronic,2011,1,G,Gasolina,169158
040002-5,317,2025,1,1,207,Baby,8275,Buggy 1.6/ TST/ RS 1.6 4-Lug.,2025,1,G,Gasolina,54867
040002-5,317,2025,1,1,207,Baby,8275,Buggy 1.6/ TST/ RS 1.6 4-Lug.,2022,1,G,Gasolina,40992
040002-5,317,2025,1,1,207,Baby,8275,Buggy 1.6/ TST/ RS 1.6 4-Lug.,2012,1,G,Gasolina,17815
040002-5,317,2025,1,1,207,Baby,8275,Buggy 1.6/ TST/ RS 1.6 4-Lug.,2007,1,G,Gasolina,8944
040002-5,317,2025,1,1,207,Baby,8275,Buggy 1.6/ TST/ RS 1.6 4-Lug.,1997,1,G,Gasolina,4951
040002-5,317,2025,1,1,207,Baby,8275,Buggy 1.6/ TST/ RS 1.6 4-Lug.,1989,1,G,Gasolina,3338
009159-6,317,2025,1,1,7,BMW,5923,118iA/ Urban/Sport 1.6 TB 16V 170cv 5p,2013,1,G,Gasolina,72726
009105-7,317,2025,1,1,7,BMW,153,120iA 2.0 16V 150cv/ 156cv 5p,2008,1,G,Gasolina,48816
009176-6,317,2025,1,1,7,BMW,6377,125i M Sport/Active Flex 2.0 TB Aut. 5p,2014,1,G,Gasolina,114312
009059-0,317,2025,1,1,7,BMW,154,316 (todas),1987,1,G,Gasolina,8927
009039-5,317,2025,1,1,7,BMW,162,320iA,2007,1,G,Gasolina,58773
009039-5,317,2025,1,1,7,BMW,162,320iA,1993,1,G,Gasolina,17294
009036-0,317,2025,1,1,7,BMW,181,325iA,2006,1,G,Gasolina,59468
009036-0,317,2025,1,1,7,BMW,181,325iA,1995,1,G,Gasolina,43272
009036-0,317,2025,1,1,7,BMW,181,325iA,1989,1,G,Gasolina,13813
009091-3,317,2025,1,1,7,BMW,183,325iA Coupé 2.5 24V 2p,2001,1,G,Gasolina,42272
009034-4,317,2025,1,1,7,BMW,185,328i Touring/Sport,1996,1,G,Gasolina,31776
009240-1,317,2025,1,1,7,BMW,8630,330i M Sport 2.0 TB 16V 4p,2020,1,G,Gasolina,228851
009240-1,317,2025,1,1,7,BMW,8630,330i M Sport 2.0 TB 16V 4p,2019,1,G,Gasolina,223269
009092-1,317,2025,1,1,7,BMW,193,330i MotorSport 3.0 24V 4p,2003,1,G,Gasolina,62158
009092-1,317,2025,1,1,7,BMW,193,330i MotorSport 3.0 24V 4p,2002,1,G,Gasolina,60641
009092-1,317,2025,1,1,7,BMW,193,330i MotorSport 3.0 24V 4p,2001,1,G,Gasolina,58893
009244-4,317,2025,1,1,7,BMW,8688,330i Sport 2.0 TB 16V 4p,2020,1,G,Gasolina,224153
009244-4,317,2025,1,1,7,BMW,8688,330i Sport 2.0 TB 16V 4p,2019,1,G,Gasolina,218685
009113-8,317,2025,1,1,7,BMW,3956,330iA Exclusive 3.0 24V 4p,2006,1,G,Gasolina,46264
009088-3,317,2025,1,1,7,BMW,194,330iA MotorSport 4p,2007,1,G,Gasolina,79780
009088-3,317,2025,1,1,7,BMW,194,330iA MotorSport 4p,2006,1,G,Gasolina,72405
009028-0,317,2025,1,1,7,BMW,222,750iA,2007,1,G,Gasolina,120119
009028-0,317,2025,1,1,7,BMW,222,750iA,1995,1,G,Gasolina,31077
095015-7,317,2025,1,1,238,BYD,11199,Yuan Pro (Elétrico),2025,1,G,Gasolina,162382
094001-1,317,2025,1,1,236,CAB Motors,9561,Stark Mountaim 2.3 AWD TDI Diesel 3p,32000,3,D,Diesel,275000
094001-1,317,2025,1,1,236,CAB Motors,9561,Stark Mountaim 2.3 AWD TDI Diesel 3p,2022,3,D,Diesel,199393
094001-1,317,2025,1,1,236,CAB Motors,9561,Stark Mountaim 2.3 AWD TDI Diesel 3p,2021,3,D,Diesel,182068
094002-0,317,2025,1,1,236,CAB Motors,9562,Stark Superação 2.3 AWD 2.3 TDI Die. 3p,2021,3,D,Diesel,191264
041001-2,317,2025,1,1,10,Cadillac,258,Deville/Eldorado 4.9,1995,1,G,Gasolina,75800
041001-2,317,2025,1,1,10,Cadillac,258,Deville/Eldorado 4.9,1994,1,G,Gasolina,53779
041001-2,317,2025,1,1,10,Cadillac,258,Deville/Eldorado 4.9,1993,1,G,Gasolina,44766
041001-2,317,2025,1,1,10,Cadillac,258,Deville/Eldorado 4.9,1992,1,G,Gasolina,40232
041001-2,317,2025,1,1,10,Cadillac,258,Deville/Eldorado 4.9,1991,1,G,Gasolina,36438
041002-0,317,2025,1,1,10,Cadillac,259,Seville 4.6,1996,1,G,Gasolina,81377
041002-0,317,2025,1,1,10,Cadillac,259,Seville 4.6,1995,1,G,Gasolina,79392
064002-6,317,2025,1,1,136,CHANA,4392,Cargo 1.0 8V 53cv (Pick-Up),2006,1,G,Gasolina,8064
010021-8,317,2025,1,1,12,Chrysler,268,Grand Caravan Limited 3.3 V6 12V 182cv,2003,1,G,Gasolina,28749
011119-8,317,2025,1,1,13,Citroën,6152,C3 Excl. 1.6 VTi Flex Start 16V 5p Aut.,2014,1,G,Gasolina,40950
011069-8,317,2025,1,1,13,Citroën,297,C5 Exclusive Break 2.0 16V Aut.,2001,1,G,Gasolina,12765
011209-7,317,2025,1,1,13,Citroën,8883,Jumper 2.0 Minibus 16L Turbo Diesel,2022,3,D,Diesel,198941
011209-7,317,2025,1,1,13,Citroën,8883,Jumper 2.0 Minibus 16L Turbo Diesel,2021,3,D,Diesel,194088
011209-7,317,2025,1,1,13,Citroën,8883,Jumper 2.0 Minibus 16L Turbo Diesel,2020,3,D,Diesel,186201
011209-7,317,2025,1,1,13,Citroën,8883,Jumper 2.0 Minibus 16L Turbo Diesel,2019,3,D,Diesel,156000
011099-0,317,2025,1,1,13,Citroën,5103,Jumper 2.3 15/16Lug. TB Diesel,2017,3,D,Diesel,138308
011099-0,317,2025,1,1,13,Citroën,5103,Jumper 2.3 15/16Lug. TB Diesel,2016,3,D,Diesel,120085
011099-0,317,2025,1,1,13,Citroën,5103,Jumper 2.3 15/16Lug. TB Diesel,2015,3,D,Diesel,109821
011099-0,317,2025,1,1,13,Citroën,5103,Jumper 2.3 15/16Lug. TB Diesel,2014,3,D,Diesel,107021
011099-0,317,2025,1,1,13,Citroën,5103,Jumper 2.3 15/16Lug. TB Diesel,2013,3,D,Diesel,83899
011099-0,317,2025,1,1,13,Citroën,5103,Jumper 2.3 15/16Lug. TB Diesel,2012,3,D,Diesel,81852
011099-0,317,2025,1,1,13,Citroën,5103,Jumper 2.3 15/16Lug. TB Diesel,2011,3,D,Diesel,75167
011099-0,317,2025,1,1,13,Citroën,5103,Jumper 2.3 15/16Lug. TB Diesel,2010,3,D,Diesel,59275
011100-7,317,2025,1,1,13,Citroën,5140,Jumper 2.3 Furgão TB Diesel,2017,3,D,Diesel,127769
011100-7,317,2025,1,1,13,Citroën,5140,Jumper 2.3 Furgão TB Diesel,2010,3,D,Diesel,68542
011074-4,317,2025,1,1,13,Citroën,345,Xsara Picasso Exclusive 2.0 16V Aut.,2005,1,G,Gasolina,12089
066004-3,317,2025,1,1,147,EFFA,4639,ULC PICAPE 1.0 8V 2p,2011,1,G,Gasolina,15820
066015-9,317,2025,1,1,147,EFFA,7345,V22 Pick-up CD 1.3 16V 4p,2019,1,G,Gasolina,56390
066015-9,317,2025,1,1,147,EFFA,7345,V22 Pick-up CD 1.3 16V 4p,2016,1,G,Gasolina,34453
044001-9,317,2025,1,1,19,Envemo,413,Camper 2.5/GL/GLS/Master 4.1,1990,1,G,Gasolina,16778
031013-1,317,2025,1,1,20,Ferrari,418,348 Spider 3.4,1994,1,G,Gasolina,185307
031015-8,317,2025,1,1,20,Ferrari,424,355 GTS Spider,1995,1,G,Gasolina,181414
031026-3,317,2025,1,1,20,Ferrari,3932,612 Scaglietti F1 V12 540cv,2006,1,G,Gasolina,912021
001488-5,317,2025,1,1,21,Fiat,7968,ARGO HGT 1.8 16V Flex Aut.,2021,1,G,Gasolina,79087
001488-5,317,2025,1,1,21,Fiat,7968,ARGO HGT 1.8 16V Flex Aut.,2020,1,G,Gasolina,72110
001488-5,317,2025,1,1,21,Fiat,7968,ARGO HGT 1.8 16V Flex Aut.,2019,1,G,Gasolina,67827
001488-5,317,2025,1,1,21,Fiat,7968,ARGO HGT 1.8 16V Flex Aut.,2018,1,G,Gasolina,65653
001490-7,317,2025,1,1,21,Fiat,7969,ARGO HGT 1.8 16V Flex Mec.,2019,1,G,Gasolina,67689
001490-7,317,2025,1,1,21,Fiat,7969,ARGO HGT 1.8 16V Flex Mec.,2018,1,G,Gasolina,62178
001489-3,317,2025,1,1,21,Fiat,7971,ARGO PRECISION 1.8 16V Flex Aut.,2020,1,G,Gasolina,68073
001489-3,317,2025,1,1,21,Fiat,7971,ARGO PRECISION 1.8 16V Flex Aut.,2019,1,G,Gasolina,61525
001489-3,317,2025,1,1,21,Fiat,7971,ARGO PRECISION 1.8 16V Flex Aut.,2018,1,G,Gasolina,60024
001491-5,317,2025,1,1,21,Fiat,7970,ARGO PRECISION 1.8 16V Flex Mec.,2019,1,G,Gasolina,64501
001491-5,317,2025,1,1,21,Fiat,7970,ARGO PRECISION 1.8 16V Flex Mec.,2018,1,G,Gasolina,61952
001519-9,317,2025,1,1,21,Fiat,8690,ARGO TREKKING 1.3 8V Flex,2022,1,G,Gasolina,72746
001190-8,317,2025,1,1,21,Fiat,453,Ducato Cargo 2.8 Curto/Longo TB Diesel,2004,3,D,Diesel,42500
001285-8,317,2025,1,1,21,Fiat,5027,Ducato Minibus 2.3 ME Diesel,2011,3,D,Diesel,75058
001160-6,317,2025,1,1,21,Fiat,461,Ducato Mult/ Vetrato 2.8 T.Baixo TB Dies,2001,3,D,Diesel,25835
001023-5,317,2025,1,1,21,Fiat,469,Elba CS 1.6 / 1.5 /1.3,1986,1,G,Gasolina,3691
001026-0,317,2025,1,1,21,Fiat,472,Fiorino Furgão 1.0,1995,1,G,Gasolina,11503
001379-0,317,2025,1,1,21,Fiat,5926,Grand Siena ESSENCE 1.6 Flex 16V,2015,1,G,Gasolina,37800
001380-3,317,2025,1,1,21,Fiat,5927,Grand Siena ESSENCE Dual. 1.6 Flex 16V,2012,1,G,Gasolina,30459
001326-9,317,2025,1,1,21,Fiat,5341,Idea ESSENCE 1.6 Flex 16V 5p,2012,1,G,Gasolina,29173
001088-0,317,2025,1,1,21,Fiat,503,Marea Weekend Turbo 2.0 20V 4p,2004,1,G,Gasolina,35045
001176-2,317,2025,1,1,21,Fiat,505,Palio 1.0/ Trofeo 1.0 Fire/ Fire Flex 2p,2006,1,G,Gasolina,15345
001031-6,317,2025,1,1,21,Fiat,517,Palio EL 1.5 mpi 2p e 4p,1997,2,Á,Álcool,7723
001063-4,317,2025,1,1,21,Fiat,518,Palio EL 1.6 spi 2p e 4p,2000,1,G,Gasolina,12755
001063-4,317,2025,1,1,21,Fiat,518,Palio EL 1.6 spi 2p e 4p,1999,1,G,Gasolina,12158
001063-4,317,2025,1,1,21,Fiat,518,Palio EL 1.6 spi 2p e 4p,1999,2,Á,Álcool,9484
001063-4,317,2025,1,1,21,Fiat,518,Palio EL 1.6 spi 2p e 4p,1998,1,G,Gasolina,11457
001063-4,317,2025,1,1,21,Fiat,518,Palio EL 1.6 spi 2p e 4p,1998,2,Á,Álcool,8469
001207-6,317,2025,1,1,21,Fiat,521,Palio ELX 1.0 Fire/30 Anos F. Flex 8V 4p,2011,1,G,Gasolina,27509
001207-6,317,2025,1,1,21,Fiat,521,Palio ELX 1.0 Fire/30 Anos F. Flex 8V 4p,2010,1,G,Gasolina,26838
001207-6,317,2025,1,1,21,Fiat,521,Palio ELX 1.0 Fire/30 Anos F. Flex 8V 4p,2009,1,G,Gasolina,26051
001207-6,317,2025,1,1,21,Fiat,521,Palio ELX 1.0 Fire/30 Anos F. Flex 8V 4p,2008,1,G,Gasolina,24700
001207-6,317,2025,1,1,21,Fiat,521,Palio ELX 1.0 Fire/30 Anos F. Flex 8V 4p,2007,1,G,Gasolina,20930
001207-6,317,2025,1,1,21,Fiat,521,Palio ELX 1.0 Fire/30 Anos F. Flex 8V 4p,2006,1,G,Gasolina,18263
001207-6,317,2025,1,1,21,Fiat,521,Palio ELX 1.0 Fire/30 Anos F. Flex 8V 4p,2005,1,G,Gasolina,17479
001207-6,317,2025,1,1,21,Fiat,521,Palio ELX 1.0 Fire/30 Anos F. Flex 8V 4p,2004,1,G,Gasolina,15230
001066-9,317,2025,1,1,21,Fiat,519,Palio ELX 1.0/ 1.0 Fire Flex 8V 2p,1999,2,Á,Álcool,8167
001357-9,317,2025,1,1,21,Fiat,5619,Palio Week. Adv. Dualogic 1.8 Flex,2011,1,G,Gasolina,33819
001033-2,317,2025,1,1,21,Fiat,568,Premio CS 1.6/ 1.5/ 1.3 2p,1986,1,G,Gasolina,3689
001316-1,317,2025,1,1,21,Fiat,5295,Punto ESSENCE 1.6 Flex 16V 5p,2011,1,G,Gasolina,29017
001251-3,317,2025,1,1,21,Fiat,4424,Punto Sporting 1.8 Flex 8V/16V 5p,2010,1,G,Gasolina,29427
001211-4,317,2025,1,1,21,Fiat,583,Siena ELX 1.0 mpi Fire/Fire Flex 8V 4p,2003,1,G,Gasolina,13101
001213-0,317,2025,1,1,21,Fiat,594,Siena HLX 1.8 mpi Flex 8V 4p,2004,1,G,Gasolina,14681
001257-2,317,2025,1,1,21,Fiat,4733,Strada Adventure 1.8/ 1.8 LOCKER Flex CE,2012,1,G,Gasolina,45998
001530-0,317,2025,1,1,21,Fiat,9111,Strada Freedom 1.3 Flex 8V CD,2021,1,G,Gasolina,86545
001232-7,317,2025,1,1,21,Fiat,3885,Strada Trekking 1.4 mpi Fire Flex 8V CS,2012,1,G,Gasolina,36489
001217-3,317,2025,1,1,21,Fiat,611,Strada Trekking 1.8 mpi Flex 8V CS,2006,1,G,Gasolina,25593
001293-9,317,2025,1,1,21,Fiat,5066,Strada Working 1.4 mpi Fire Flex 8V CD,2010,1,G,Gasolina,40778
001389-7,317,2025,1,1,21,Fiat,6098,Strada Working Celeb.1.4 Fire Flex 8V CS,2012,1,G,Gasolina,39009
001037-5,317,2025,1,1,21,Fiat,618,Tempra 2.0 i.e 16V 2p e 4p,1994,1,G,Gasolina,7697
001495-8,317,2025,1,1,21,Fiat,8046,Toro Blackjack 2.4 16V flex Aut,2019,1,G,Gasolina,93309
001495-8,317,2025,1,1,21,Fiat,8046,Toro Blackjack 2.4 16V flex Aut,2018,1,G,Gasolina,91033
001537-7,317,2025,1,1,21,Fiat,9493,Toro Endurance 1.3 T270 4x2 Flex Aut.,32000,1,G,Gasolina,147908
001537-7,317,2025,1,1,21,Fiat,9493,Toro Endurance 1.3 T270 4x2 Flex Aut.,2025,1,G,Gasolina,130228
001537-7,317,2025,1,1,21,Fiat,9493,Toro Endurance 1.3 T270 4x2 Flex Aut.,2024,1,G,Gasolina,126482
001537-7,317,2025,1,1,21,Fiat,9493,Toro Endurance 1.3 T270 4x2 Flex Aut.,2023,1,G,Gasolina,114178
001537-7,317,2025,1,1,21,Fiat,9493,Toro Endurance 1.3 T270 4x2 Flex Aut.,2022,1,G,Gasolina,103385
001508-3,317,2025,1,1,21,Fiat,8236,Toro Endurance 1.8 16V Flex Aut.,2022,1,G,Gasolina,99786
001508-3,317,2025,1,1,21,Fiat,8236,Toro Endurance 1.8 16V Flex Aut.,2021,1,G,Gasolina,89070
001508-3,317,2025,1,1,21,Fiat,8236,Toro Endurance 1.8 16V Flex Aut.,2020,1,G,Gasolina,86641
001508-3,317,2025,1,1,21,Fiat,8236,Toro Endurance 1.8 16V Flex Aut.,2019,1,G,Gasolina,83673
001521-0,317,2025,1,1,21,Fiat,8741,Toro Endurance 1.8 16V Flex Mec.,2021,1,G,Gasolina,87282
001368-4,317,2025,1,1,21,Fiat,5666,UNO ECONOMY Celeb. 1.4 EVO F. Flex 8V 2p,2012,1,G,Gasolina,24892
001049-9,317,2025,1,1,21,Fiat,642,Uno Furgão 1.5/ 1.3,1990,1,G,Gasolina,2732
001162-2,317,2025,1,1,21,Fiat,645,Uno Mille 1.0 Fire/ F.Flex/ ECONOMY 4p,2013,1,G,Gasolina,27142
001162-2,317,2025,1,1,21,Fiat,645,Uno Mille 1.0 Fire/ F.Flex/ ECONOMY 4p,2009,1,G,Gasolina,21721
001018-9,317,2025,1,1,21,Fiat,649,Uno Mille/ Mille EX/ Smart 2p,2000,1,G,Gasolina,9607
001137-1,317,2025,1,1,21,Fiat,652,Uno Mille/ Mille EX/ Smart 4p,2000,2,Á,Álcool,10912
067001-4,317,2025,1,1,149,Fibravan,4659,Buggy Plus 1.6 8V,2007,1,G,Gasolina,10091
067001-4,317,2025,1,1,149,Fibravan,4659,Buggy Plus 1.6 8V,2004,1,G,Gasolina,8963
067001-4,317,2025,1,1,149,Fibravan,4659,Buggy Plus 1.6 8V,1997,1,G,Gasolina,4754
067001-4,317,2025,1,1,149,Fibravan,4659,Buggy Plus 1.6 8V,1990,1,G,Gasolina,3555
067003-0,317,2025,1,1,149,Fibravan,4660,Buggy Vip 1.6 8V Total Flex,2011,1,G,Gasolina,22324
067003-0,317,2025,1,1,149,Fibravan,4660,Buggy Vip 1.6 8V Total Flex,2008,1,G,Gasolina,15877
003312-0,317,2025,1,1,22,Ford,4134,Courier Van 1.6/ 1.6 Flex 8V (Carga),2007,1,G,Gasolina,23257
003024-4,317,2025,1,1,22,Ford,677,Del Rey GLX 1.6/1.8 / GL 1.6/1.8 2p e 4p,1988,1,G,Gasolina,6405
003024-4,317,2025,1,1,22,Ford,677,Del Rey GLX 1.6/1.8 / GL 1.6/1.8 2p e 4p,1985,1,G,Gasolina,4079
003367-7,317,2025,1,1,22,Ford,6157,EcoSport FREESTYLE 1.6 16V Flex 5p,2014,1,G,Gasolina,52482
003036-8,317,2025,1,1,22,Ford,687,Escort Ghia 2.0i / 2.0,1993,1,G,Gasolina,6703
003004-0,317,2025,1,1,22,Ford,691,Escort GL 1.8i 16V 3p,1997,1,G,Gasolina,8188
003073-2,317,2025,1,1,22,Ford,716,Explorer XLT 4x2 4.0 V6,1992,1,G,Gasolina,14756
003189-5,317,2025,1,1,22,Ford,722,F-100 Super Série 2.3,1985,1,G,Gasolina,7375
003162-3,317,2025,1,1,22,Ford,723,F-1000 CD/Blazer 3.6,1995,1,G,Gasolina,17566
003162-3,317,2025,1,1,22,Ford,723,F-1000 CD/Blazer 3.6,1995,2,Á,Álcool,17255
003162-3,317,2025,1,1,22,Ford,723,F-1000 CD/Blazer 3.6,1994,1,G,Gasolina,16482
003162-3,317,2025,1,1,22,Ford,723,F-1000 CD/Blazer 3.6,1993,1,G,Gasolina,14730
003162-3,317,2025,1,1,22,Ford,723,F-1000 CD/Blazer 3.6,1992,1,G,Gasolina,12213
003162-3,317,2025,1,1,22,Ford,723,F-1000 CD/Blazer 3.6,1991,1,G,Gasolina,11915
003162-3,317,2025,1,1,22,Ford,723,F-1000 CD/Blazer 3.6,1990,1,G,Gasolina,11624
003162-3,317,2025,1,1,22,Ford,723,F-1000 CD/Blazer 3.6,1989,1,G,Gasolina,11230
003162-3,317,2025,1,1,22,Ford,723,F-1000 CD/Blazer 3.6,1988,1,G,Gasolina,10938
003162-3,317,2025,1,1,22,Ford,723,F-1000 CD/Blazer 3.6,1987,1,G,Gasolina,10651
003162-3,317,2025,1,1,22,Ford,723,F-1000 CD/Blazer 3.6,1986,1,G,Gasolina,10380
003162-3,317,2025,1,1,22,Ford,723,F-1000 CD/Blazer 3.6,1985,1,G,Gasolina,8692
003163-1,317,2025,1,1,22,Ford,724,F-1000 CD/Blazer 3.9 Dies.,1995,3,D,Diesel,79997
003163-1,317,2025,1,1,22,Ford,724,F-1000 CD/Blazer 3.9 Dies.,1988,3,D,Diesel,58809
003048-1,317,2025,1,1,22,Ford,727,F-1000 S. S. Diesel / S.S. Diesel Turbo,1990,3,D,Diesel,51717
003043-0,317,2025,1,1,22,Ford,731,F-1000 Super CE 4.9i / 3.6,1993,1,G,Gasolina,17959
003355-3,317,2025,1,1,22,Ford,6032,F-250 Tropica./Tropmine Exec. 3.9 Diesel,2009,3,D,Diesel,136197
003172-0,317,2025,1,1,22,Ford,756,F-250 Tropical 4.2 CE / CD Diesel TB,2000,3,D,Diesel,94474
003289-1,317,2025,1,1,22,Ford,785,Fiesta Sed. 1.6 8V Flex 4p,2007,1,G,Gasolina,21121
003390-1,317,2025,1,1,22,Ford,6431,Fiesta TIT./TIT.Plus 1.6 16V Flex Aut.,2014,1,G,Gasolina,40924
003228-0,317,2025,1,1,22,Ford,798,Focus 2.0 16V/ 2.0 16V Flex 5p,2011,1,G,Gasolina,32206
003228-0,317,2025,1,1,22,Ford,798,Focus 2.0 16V/ 2.0 16V Flex 5p,2005,1,G,Gasolina,17782
003283-2,317,2025,1,1,22,Ford,799,Focus 2.0 16V/SE/SE Plus Flex 5p Aut.,2014,1,G,Gasolina,46184
003283-2,317,2025,1,1,22,Ford,799,Focus 2.0 16V/SE/SE Plus Flex 5p Aut.,2008,1,G,Gasolina,24063
003266-2,317,2025,1,1,22,Ford,800,Focus Ghia  2.0 16V/ 2.0 16V Flex 5p Aut,2005,1,G,Gasolina,18841
003347-2,317,2025,1,1,22,Ford,5451,Focus TITA/TITA Plus 2.0  Flex 5p Aut.,2013,1,G,Gasolina,41254
003174-7,317,2025,1,1,22,Ford,809,Furglaine 3.9 Diesel,1987,3,D,Diesel,16632
003177-1,317,2025,1,1,22,Ford,812,Ibiza Chat./Exec. 3.9 Diesel,1989,3,D,Diesel,31204
003408-8,317,2025,1,1,22,Ford,6915,Ka 1.0 SE/SE Plus TiVCT Flex 5p,2015,1,G,Gasolina,36115
003079-1,317,2025,1,1,22,Ford,829,Mondeo CLX 2.0i SW Mec,1999,1,G,Gasolina,9378
003079-1,317,2025,1,1,22,Ford,829,Mondeo CLX 2.0i SW Mec,1998,1,G,Gasolina,8744
003079-1,317,2025,1,1,22,Ford,829,Mondeo CLX 2.0i SW Mec,1997,1,G,Gasolina,8273
003079-1,317,2025,1,1,22,Ford,829,Mondeo CLX 2.0i SW Mec,1996,1,G,Gasolina,6163
003258-1,317,2025,1,1,22,Ford,830,Mondeo Ghia 2.0 16V 143cv 4p Aut,2006,1,G,Gasolina,29632
003258-1,317,2025,1,1,22,Ford,830,Mondeo Ghia 2.0 16V 143cv 4p Aut,2005,1,G,Gasolina,22853
003258-1,317,2025,1,1,22,Ford,830,Mondeo Ghia 2.0 16V 143cv 4p Aut,2004,1,G,Gasolina,22295
003258-1,317,2025,1,1,22,Ford,830,Mondeo Ghia 2.0 16V 143cv 4p Aut,2003,1,G,Gasolina,20949
003258-1,317,2025,1,1,22,Ford,830,Mondeo Ghia 2.0 16V 143cv 4p Aut,2002,1,G,Gasolina,19431
003258-1,317,2025,1,1,22,Ford,830,Mondeo Ghia 2.0 16V 143cv 4p Aut,2001,1,G,Gasolina,15612
003257-3,317,2025,1,1,22,Ford,831,Mondeo Ghia 2.0 16V 143cv 4p Mec,2004,1,G,Gasolina,18874
003257-3,317,2025,1,1,22,Ford,831,Mondeo Ghia 2.0 16V 143cv 4p Mec,2003,1,G,Gasolina,15725
003084-8,317,2025,1,1,22,Ford,841,Mustang GT V8 Conversível,2008,1,G,Gasolina,260199
003084-8,317,2025,1,1,22,Ford,841,Mustang GT V8 Conversível,1995,1,G,Gasolina,137220
003480-0,317,2025,1,1,22,Ford,9354,Mustang MACH 1 5.0 V8,32000,1,G,Gasolina,575076
003137-2,317,2025,1,1,22,Ford,843,Pampa Ghia 1.6/1.8/DUO,1993,1,G,Gasolina,9529
003137-2,317,2025,1,1,22,Ford,843,Pampa Ghia 1.6/1.8/DUO,1989,1,G,Gasolina,7018
003055-4,317,2025,1,1,22,Ford,846,Pampa L 1.8i / 1.8,1996,1,G,Gasolina,18941
003055-4,317,2025,1,1,22,Ford,846,Pampa L 1.8i / 1.8,1993,1,G,Gasolina,14808
003055-4,317,2025,1,1,22,Ford,846,Pampa L 1.8i / 1.8,1991,1,G,Gasolina,13340
003055-4,317,2025,1,1,22,Ford,846,Pampa L 1.8i / 1.8,1989,1,G,Gasolina,8855
003394-4,317,2025,1,1,22,Ford,6527,Ranger TROPIVAN 2.5 16V 4X2 Flex,2015,1,G,Gasolina,87399
003298-0,317,2025,1,1,22,Ford,3814,Ranger XL 3.0 PSE 163cv 4x2 CD TB Diesel,2008,3,D,Diesel,53625
003298-0,317,2025,1,1,22,Ford,3814,Ranger XL 3.0 PSE 163cv 4x2 CD TB Diesel,2006,3,D,Diesel,47677
003299-9,317,2025,1,1,22,Ford,3815,Ranger XL 3.0 PSE 163cv 4x2 CS TB Diesel,2011,3,D,Diesel,65978
003299-9,317,2025,1,1,22,Ford,3815,Ranger XL 3.0 PSE 163cv 4x2 CS TB Diesel,2009,3,D,Diesel,56890
003299-9,317,2025,1,1,22,Ford,3815,Ranger XL 3.0 PSE 163cv 4x2 CS TB Diesel,2005,3,D,Diesel,42540
003297-2,317,2025,1,1,22,Ford,3817,Ranger XL 3.0 PSE 163cv 4x4 CS TB Diesel,2007,3,D,Diesel,51334
003357-0,317,2025,1,1,22,Ford,6165,Ranger XLS 2.5 16V 4x2 CD Flex,2017,1,G,Gasolina,99591
003291-3,317,2025,1,1,22,Ford,881,Ranger XLS 3.0 PSE 163cv 4x2 CD TB Dies.,2008,3,D,Diesel,55106
003292-1,317,2025,1,1,22,Ford,882,Ranger XLS 3.0 PSE 163cv 4x2 CS TB Dies.,2008,3,D,Diesel,53947
003401-0,317,2025,1,1,22,Ford,6562,Ranger XLS 3.2 20V 4x4 CD Diesel Aut.,2014,3,D,Diesel,100351
003361-8,317,2025,1,1,22,Ford,6167,Ranger XLS 3.2 20V 4x4 CD Diesel Mec.,2014,3,D,Diesel,99569
003202-6,317,2025,1,1,22,Ford,886,Ranger XLT 2.5 4x2 CE Diesel,2000,3,D,Diesel,33196
003202-6,317,2025,1,1,22,Ford,886,Ranger XLT 2.5 4x2 CE Diesel,1999,3,D,Diesel,24414
003148-8,317,2025,1,1,22,Ford,889,Ranger XLT 2.5 4x4 CE TB Diesel,1999,3,D,Diesel,37318
003252-2,317,2025,1,1,22,Ford,891,Ranger XLT 2.8 8v 135cv 4x2 CD TB Diesel,2003,3,D,Diesel,41481
003060-0,317,2025,1,1,22,Ford,906,Royale GL 2.0/2.0i 2p e 4p,1992,1,G,Gasolina,5024
003491-6,317,2025,1,1,22,Ford,10639,TRANSIT Minibus 15 Lug. 2.0 16V Die Aut.,2025,3,D,Diesel,305548
003483-5,317,2025,1,1,22,Ford,9650,TRANSIT Minibus 15 Lug. 2.0 16V Diesel,2022,3,D,Diesel,209433
003070-8,317,2025,1,1,22,Ford,922,Versailles GL 1.8i / 1.8 2p e 4p,1993,1,G,Gasolina,6632
004114-9,317,2025,1,1,23,GM - Chevrolet,927,A-10 De Luxe 2.5/4.1,1985,1,G,Gasolina,9519
004363-0,317,2025,1,1,23,GM - Chevrolet,5070,AGILE LTZ 1.4 MPFI 8V FlexPower 5p,2011,1,G,Gasolina,31712
004446-6,317,2025,1,1,23,GM - Chevrolet,6638,AGILE LTZ EFFECT 1.4 8V FlexPower 5p Mec,2014,1,G,Gasolina,39366
004169-6,317,2025,1,1,23,GM - Chevrolet,934,Astra 2.0/ CD/ GLS 2.0 MPFI 16V 3p,2002,1,G,Gasolina,18778
004169-6,317,2025,1,1,23,GM - Chevrolet,934,Astra 2.0/ CD/ GLS 2.0 MPFI 16V 3p,2001,1,G,Gasolina,17074
004169-6,317,2025,1,1,23,GM - Chevrolet,934,Astra 2.0/ CD/ GLS 2.0 MPFI 16V 3p,2000,1,G,Gasolina,16059
004169-6,317,2025,1,1,23,GM - Chevrolet,934,Astra 2.0/ CD/ GLS 2.0 MPFI 16V 3p,1999,1,G,Gasolina,15667
004082-7,317,2025,1,1,23,GM - Chevrolet,935,Astra 2.0/ CD/ Sunny/ GLS 2.0 8V 3p,2004,1,G,Gasolina,20823
004082-7,317,2025,1,1,23,GM - Chevrolet,935,Astra 2.0/ CD/ Sunny/ GLS 2.0 8V 3p,2003,1,G,Gasolina,19629
004082-7,317,2025,1,1,23,GM - Chevrolet,935,Astra 2.0/ CD/ Sunny/ GLS 2.0 8V 3p,2002,1,G,Gasolina,18668
004082-7,317,2025,1,1,23,GM - Chevrolet,935,Astra 2.0/ CD/ Sunny/ GLS 2.0 8V 3p,2001,1,G,Gasolina,16394
004082-7,317,2025,1,1,23,GM - Chevrolet,935,Astra 2.0/ CD/ Sunny/ GLS 2.0 8V 3p,2000,1,G,Gasolina,15229
004082-7,317,2025,1,1,23,GM - Chevrolet,935,Astra 2.0/ CD/ Sunny/ GLS 2.0 8V 3p,1999,1,G,Gasolina,14857
004194-7,317,2025,1,1,23,GM - Chevrolet,936,Astra 500 Sedan 2.0 MPFI 16V 4p,2000,1,G,Gasolina,13995
004330-3,317,2025,1,1,23,GM - Chevrolet,4137,Astra Advant. 2.0 MPFI 8V FlexP. 5p Aut.,2011,1,G,Gasolina,35216
004330-3,317,2025,1,1,23,GM - Chevrolet,4137,Astra Advant. 2.0 MPFI 8V FlexP. 5p Aut.,2010,1,G,Gasolina,32496
004195-5,317,2025,1,1,23,GM - Chevrolet,963,Astra S.Sport 2.0 F.Pow. 5p/Sport 2.0 3p,2000,1,G,Gasolina,17647
004117-3,317,2025,1,1,23,GM - Chevrolet,970,Brasinca Blazer CD 4.1,1989,1,G,Gasolina,14892
004131-9,317,2025,1,1,23,GM - Chevrolet,976,C-20 Custom De Luxe CD 4.1,1990,1,G,Gasolina,23579
004132-7,317,2025,1,1,23,GM - Chevrolet,978,C-20 Custom Std. CD 4.1,1990,1,G,Gasolina,15609
004319-2,317,2025,1,1,23,GM - Chevrolet,996,Celta Life/ LS 1.0 MPFI 8V FlexPower 5p,2009,1,G,Gasolina,18509
004385-0,317,2025,1,1,23,GM - Chevrolet,5725,COBALT LTZ 1.4 8V FlexPower/EconoFlex 4p,2016,1,G,Gasolina,47698
004004-5,317,2025,1,1,23,GM - Chevrolet,1014,Corsa GL 1.6 MPFI / 1.4 EFI 2p e 4p,1998,1,G,Gasolina,12284
004004-5,317,2025,1,1,23,GM - Chevrolet,1014,Corsa GL 1.6 MPFI / 1.4 EFI 2p e 4p,1994,1,G,Gasolina,8723
004086-0,317,2025,1,1,23,GM - Chevrolet,1028,Corsa Pick-Up STD/ Rodeio 1.6 MPFI,2000,1,G,Gasolina,18760
004274-9,317,2025,1,1,23,GM - Chevrolet,1035,Corsa Sed Class.Super 1.0/1.0 FlexPower,2005,2,Á,Álcool,16624
004005-3,317,2025,1,1,23,GM - Chevrolet,1047,Corsa Sedan GL 1.6  MPFI 4p,1996,1,G,Gasolina,10081
004198-0,317,2025,1,1,23,GM - Chevrolet,1066,Corsa Wind 1.6 MPFi 4p,1999,1,G,Gasolina,10488
004469-5,317,2025,1,1,23,GM - Chevrolet,7619,CRUZE LTZ 1.4 16V Turbo Flex 4p Aut.,2017,1,G,Gasolina,82338
004036-3,317,2025,1,1,23,GM - Chevrolet,1076,D-20 S / El Caminho 3.9/4.0 CD T.Dies,1993,3,D,Diesel,69818
004036-3,317,2025,1,1,23,GM - Chevrolet,1076,D-20 S / El Caminho 3.9/4.0 CD T.Dies,1987,3,D,Diesel,55981
004555-1,317,2025,1,1,23,GM - Chevrolet,11294,EQUINOX ACTIV 1.5 Turbo 177cv Aut.,32000,1,G,Gasolina,270433
004555-1,317,2025,1,1,23,GM - Chevrolet,11294,EQUINOX ACTIV 1.5 Turbo 177cv Aut.,2025,1,G,Gasolina,229868
004554-3,317,2025,1,1,23,GM - Chevrolet,11261,EQUINOX EV 292cv (Elétrico),32000,1,G,Gasolina,439000
004554-3,317,2025,1,1,23,GM - Chevrolet,11261,EQUINOX EV 292cv (Elétrico),2024,1,G,Gasolina,380565
004527-6,317,2025,1,1,23,GM - Chevrolet,9081,EQUINOX LT 1.5 Turbo 172cv Aut.,2020,1,G,Gasolina,116075
004487-3,317,2025,1,1,23,GM - Chevrolet,8150,EQUINOX LT 2.0 Turbo 262cv Aut.,2019,1,G,Gasolina,111129
004487-3,317,2025,1,1,23,GM - Chevrolet,8150,EQUINOX LT 2.0 Turbo 262cv Aut.,2018,1,G,Gasolina,100884
004528-4,317,2025,1,1,23,GM - Chevrolet,9082,EQUINOX Midnight 1.5 Turbo 172cv Aut.,2020,1,G,Gasolina,122978
004529-2,317,2025,1,1,23,GM - Chevrolet,9135,EQUINOX Premier 1.5 Turbo 172cv Aut.,32000,1,G,Gasolina,241361
004529-2,317,2025,1,1,23,GM - Chevrolet,9135,EQUINOX Premier 1.5 Turbo 172cv Aut.,2024,1,G,Gasolina,192457
004529-2,317,2025,1,1,23,GM - Chevrolet,9135,EQUINOX Premier 1.5 Turbo 172cv Aut.,2023,1,G,Gasolina,176993
004529-2,317,2025,1,1,23,GM - Chevrolet,9135,EQUINOX Premier 1.5 Turbo 172cv Aut.,2022,1,G,Gasolina,165115
004039-8,317,2025,1,1,23,GM - Chevrolet,1079,Ipanema GL/ Flair 2.0 MPFI / EFI 4p,1994,1,G,Gasolina,8583
004041-0,317,2025,1,1,23,GM - Chevrolet,1082,Kadett GL/SL/Lite/Turim 1.8,1995,2,Á,Álcool,7831
004043-6,317,2025,1,1,23,GM - Chevrolet,1083,Kadett GLS 1.8 EFI / SL/e 1.8,1993,1,G,Gasolina,10654
004370-2,317,2025,1,1,23,GM - Chevrolet,5416,MONTANA LS 1.4 ECONOFLEX 8V 2p,2018,1,G,Gasolina,50356
004370-2,317,2025,1,1,23,GM - Chevrolet,5416,MONTANA LS 1.4 ECONOFLEX 8V 2p,2015,1,G,Gasolina,42709
004200-5,317,2025,1,1,23,GM - Chevrolet,1106,Monza SL/e SR 2.0,1987,1,G,Gasolina,6688
004010-0,317,2025,1,1,23,GM - Chevrolet,1112,Omega GLS 2.2 / 2.0,1993,1,G,Gasolina,19921
004512-8,317,2025,1,1,23,GM - Chevrolet,8891,ONIX HATCH LT 1.0 12V TB Flex 5p Mec.,2020,1,G,Gasolina,67525
004439-3,317,2025,1,1,23,GM - Chevrolet,6531,ONIX HATCH LTZ 1.4 8V FlexPower 5p Aut.,2018,1,G,Gasolina,64374
004426-1,317,2025,1,1,23,GM - Chevrolet,6234,ONIX HATCH LTZ 1.4 8V FlexPower 5p Mec.,2015,1,G,Gasolina,48637
004499-7,317,2025,1,1,23,GM - Chevrolet,8824,ONIX SEDAN Plus 1.0 12V TB Flex Aut.,2023,1,G,Gasolina,83534
004518-7,317,2025,1,1,23,GM - Chevrolet,8950,ONIX SEDAN Plus LT 1.0 12V Flex 4p Mec.,2022,1,G,Gasolina,70988
004501-2,317,2025,1,1,23,GM - Chevrolet,8825,ONIX SEDAN Plus LT 1.0 12V TB Flex Aut.,2024,1,G,Gasolina,96071
004501-2,317,2025,1,1,23,GM - Chevrolet,8825,ONIX SEDAN Plus LT 1.0 12V TB Flex Aut.,2020,1,G,Gasolina,72010
004055-0,317,2025,1,1,23,GM - Chevrolet,1115,Opala Diplomata/Diplom. SLE 4.1/2.5,1990,1,G,Gasolina,50521
004055-0,317,2025,1,1,23,GM - Chevrolet,1115,Opala Diplomata/Diplom. SLE 4.1/2.5,1986,1,G,Gasolina,22390
004332-0,317,2025,1,1,23,GM - Chevrolet,4189,PRISMA Sed. Joy 1.4 8V ECONOFLEX 4p,2007,1,G,Gasolina,21761
004434-2,317,2025,1,1,23,GM - Chevrolet,6351,PRISMA Sed. LTZ 1.4 8V FlexPower 4p,2014,1,G,Gasolina,47811
004306-0,317,2025,1,1,23,GM - Chevrolet,1121,S10 Blazer Colina 2.4/2.4 MPFI F.Power,2005,1,G,Gasolina,30800
004193-9,317,2025,1,1,23,GM - Chevrolet,1126,S10 Blazer DLX 2.8 4x4 TB Interc. Diesel,2001,3,D,Diesel,52860
004091-6,317,2025,1,1,23,GM - Chevrolet,1129,S10 Blazer Executive 4.3 V6,1998,1,G,Gasolina,35492
004391-5,317,2025,1,1,23,GM - Chevrolet,5887,S10 Pick-Up LS 2.8 TDI 4x4 CS Diesel,2020,3,D,Diesel,126419
004391-5,317,2025,1,1,23,GM - Chevrolet,5887,S10 Pick-Up LS 2.8 TDI 4x4 CS Diesel,2014,3,D,Diesel,97874
004393-1,317,2025,1,1,23,GM - Chevrolet,5891,S10 Pick-Up LT 2.8 TDI 4x2 CD Diesel Aut,2013,3,D,Diesel,98273
004480-6,317,2025,1,1,23,GM - Chevrolet,7955,S10 Pick-Up LTZ 2.5 Flex 4x2 CD Aut.,2018,1,G,Gasolina,135051
004396-6,317,2025,1,1,23,GM - Chevrolet,5895,S10 Pick-Up LTZ 2.8 TDI 4x2 CD Dies.Aut,2012,3,D,Diesel,97500
004322-2,317,2025,1,1,23,GM - Chevrolet,1165,S10 P-Up Advant. 2.4/2.4 MPFI F.Power CD,2008,1,G,Gasolina,50109
004322-2,317,2025,1,1,23,GM - Chevrolet,1165,S10 P-Up Advant. 2.4/2.4 MPFI F.Power CD,2007,1,G,Gasolina,45930
004349-4,317,2025,1,1,23,GM - Chevrolet,4675,S10 P-Up Advantage 2.4 MPFI F.Power CS,2012,1,G,Gasolina,60334
004349-4,317,2025,1,1,23,GM - Chevrolet,4675,S10 P-Up Advantage 2.4 MPFI F.Power CS,2011,1,G,Gasolina,57472
004349-4,317,2025,1,1,23,GM - Chevrolet,4675,S10 P-Up Advantage 2.4 MPFI F.Power CS,2010,1,G,Gasolina,52609
004349-4,317,2025,1,1,23,GM - Chevrolet,4675,S10 P-Up Advantage 2.4 MPFI F.Power CS,2009,1,G,Gasolina,50891
004302-8,317,2025,1,1,23,GM - Chevrolet,1142,S10 P-Up Colina 2.4 MPFI 128cv CD 4p,2006,1,G,Gasolina,42225
004302-8,317,2025,1,1,23,GM - Chevrolet,1142,S10 P-Up Colina 2.4 MPFI 128cv CD 4p,2005,1,G,Gasolina,39726
004311-7,317,2025,1,1,23,GM - Chevrolet,1141,S10 P-Up Colina 2.4/2.4 MPFI F.Power CS,2008,1,G,Gasolina,48862
004311-7,317,2025,1,1,23,GM - Chevrolet,1141,S10 P-Up Colina 2.4/2.4 MPFI F.Power CS,2007,1,G,Gasolina,40582
004311-7,317,2025,1,1,23,GM - Chevrolet,1141,S10 P-Up Colina 2.4/2.4 MPFI F.Power CS,2006,1,G,Gasolina,39325
004311-7,317,2025,1,1,23,GM - Chevrolet,1141,S10 P-Up Colina 2.4/2.4 MPFI F.Power CS,2005,1,G,Gasolina,35892
004301-0,317,2025,1,1,23,GM - Chevrolet,1143,S10 P-Up Colina 2.8 TDI 4x2/4x4 CS Dies.,2007,3,D,Diesel,58814
004177-7,317,2025,1,1,23,GM - Chevrolet,1169,S10 P-Up Lx/Sert/Rod 2.8 4x4 CD TDI Dies,2000,3,D,Diesel,49881
004150-5,317,2025,1,1,23,GM - Chevrolet,1191,Silverado Tropical CD 4.2 Diesel,1997,3,D,Diesel,56112
004490-3,317,2025,1,1,23,GM - Chevrolet,8450,SPIN ACTIV7 1.8 8V Econo.Flex 5p Aut.,2020,1,G,Gasolina,80611
004415-6,317,2025,1,1,23,GM - Chevrolet,6103,SPIN LT 1.8 8V Econo.Flex 5p Aut.,2021,1,G,Gasolina,73297
004415-6,317,2025,1,1,23,GM - Chevrolet,6103,SPIN LT 1.8 8V Econo.Flex 5p Aut.,2014,1,G,Gasolina,42064
004532-2,317,2025,1,1,23,GM - Chevrolet,9213,TRACKER LTZ 1.0 Turbo 12V Flex Aut.,2021,1,G,Gasolina,99965
004525-0,317,2025,1,1,23,GM - Chevrolet,9048,TRACKER Premier 1.2 Turbo 12V Flex Aut.,2021,1,G,Gasolina,109666
004066-5,317,2025,1,1,23,GM - Chevrolet,1224,Vectra GLS/Expres.2.2/ 2.0 e 2.0 CD 8V,1999,1,G,Gasolina,17521
004346-0,317,2025,1,1,23,GM - Chevrolet,4435,Vectra GT-X 2.0 MPFI 8V FlexPower Aut.,2011,1,G,Gasolina,40697
004345-1,317,2025,1,1,23,GM - Chevrolet,4436,Vectra GT-X 2.0 MPFI 8V FlexPower Mec.,2008,1,G,Gasolina,31969
004211-0,317,2025,1,1,23,GM - Chevrolet,1228,Zafira 2.0/ CD 2.0  8V  MPFI 5p Mec.,2001,1,G,Gasolina,18583
004247-1,317,2025,1,1,23,GM - Chevrolet,1232,Zafira Eleg.2.0 MPFI FlexPower 8V 5p Aut,2008,1,G,Gasolina,30609
045001-4,317,2025,1,1,24,Gurgel,1240,Carajas/Tocantis/Xavante/Vip,1989,1,G,Gasolina,24189
014055-4,317,2025,1,1,25,Honda,4641,Accord Sedan EX 3.5 V6 24V,2011,1,G,Gasolina,54534
014063-5,317,2025,1,1,25,Honda,4973,CITY Sedan EXL 1.5 Flex  16V 4p Aut.,2020,1,G,Gasolina,89197
014063-5,317,2025,1,1,25,Honda,4973,CITY Sedan EXL 1.5 Flex  16V 4p Aut.,2011,1,G,Gasolina,45353
014007-4,317,2025,1,1,25,Honda,1256,Civic Hatch VTi,1993,1,G,Gasolina,30831
014030-9,317,2025,1,1,25,Honda,1258,Civic Sedan EX 1.6 16V Aut. 4p (nacion.),2000,1,G,Gasolina,20649
014030-9,317,2025,1,1,25,Honda,1258,Civic Sedan EX 1.6 16V Aut. 4p (nacion.),1999,1,G,Gasolina,19696
014030-9,317,2025,1,1,25,Honda,1258,Civic Sedan EX 1.6 16V Aut. 4p (nacion.),1998,1,G,Gasolina,19215
014030-9,317,2025,1,1,25,Honda,1258,Civic Sedan EX 1.6 16V Aut. 4p (nacion.),1997,1,G,Gasolina,16911
014029-5,317,2025,1,1,25,Honda,1259,Civic Sedan EX 1.6 16V Mec. 4p (nacion.),2000,1,G,Gasolina,18484
014029-5,317,2025,1,1,25,Honda,1259,Civic Sedan EX 1.6 16V Mec. 4p (nacion.),1999,1,G,Gasolina,18033
014029-5,317,2025,1,1,25,Honda,1259,Civic Sedan EX 1.6 16V Mec. 4p (nacion.),1998,1,G,Gasolina,17247
014029-5,317,2025,1,1,25,Honda,1259,Civic Sedan EX 1.6 16V Mec. 4p (nacion.),1997,1,G,Gasolina,14034
014033-3,317,2025,1,1,25,Honda,1260,Civic Sedan EX 1.7 16V 130cv Aut. 4p,2006,1,G,Gasolina,29080
014033-3,317,2025,1,1,25,Honda,1260,Civic Sedan EX 1.7 16V 130cv Aut. 4p,2005,1,G,Gasolina,26605
014033-3,317,2025,1,1,25,Honda,1260,Civic Sedan EX 1.7 16V 130cv Aut. 4p,2004,1,G,Gasolina,23685
014033-3,317,2025,1,1,25,Honda,1260,Civic Sedan EX 1.7 16V 130cv Aut. 4p,2003,1,G,Gasolina,23107
014033-3,317,2025,1,1,25,Honda,1260,Civic Sedan EX 1.7 16V 130cv Aut. 4p,2001,1,G,Gasolina,18086
014010-4,317,2025,1,1,25,Honda,1257,Civic Sedan LX 1.5/1.6,1993,1,G,Gasolina,10654
014046-5,317,2025,1,1,25,Honda,1274,Fit EX/ S 1.5/ EX 1.5 Flex 16V 5p Mec.,2008,1,G,Gasolina,34637
014040-6,317,2025,1,1,25,Honda,1275,Fit LX 1.4/ 1.4 Flex 8V/16V 5p Aut.,2009,1,G,Gasolina,37823
015040-1,317,2025,1,1,26,Hyundai,1322,H100 GLS Diesel,1997,3,D,Diesel,15275
015184-0,317,2025,1,1,26,Hyundai,8953,HB20X Evolution 1.6 Flex 16V Aut.,2022,1,G,Gasolina,81309
015184-0,317,2025,1,1,26,Hyundai,8953,HB20X Evolution 1.6 Flex 16V Aut.,2021,1,G,Gasolina,78748
015184-0,317,2025,1,1,26,Hyundai,8953,HB20X Evolution 1.6 Flex 16V Aut.,2020,1,G,Gasolina,76718
015097-5,317,2025,1,1,26,Hyundai,6352,HB20X Premium 1.6 Flex 16V Aut.,2019,1,G,Gasolina,70311
015097-5,317,2025,1,1,26,Hyundai,6352,HB20X Premium 1.6 Flex 16V Aut.,2018,1,G,Gasolina,67342
015097-5,317,2025,1,1,26,Hyundai,6352,HB20X Premium 1.6 Flex 16V Aut.,2017,1,G,Gasolina,65411
015097-5,317,2025,1,1,26,Hyundai,6352,HB20X Premium 1.6 Flex 16V Aut.,2016,1,G,Gasolina,61429
015097-5,317,2025,1,1,26,Hyundai,6352,HB20X Premium 1.6 Flex 16V Aut.,2015,1,G,Gasolina,56834
015097-5,317,2025,1,1,26,Hyundai,6352,HB20X Premium 1.6 Flex 16V Aut.,2014,1,G,Gasolina,53083
015097-5,317,2025,1,1,26,Hyundai,6352,HB20X Premium 1.6 Flex 16V Aut.,2013,1,G,Gasolina,47726
015096-7,317,2025,1,1,26,Hyundai,6353,HB20X Premium 1.6 Flex 16V Mec.,2014,1,G,Gasolina,50673
015096-7,317,2025,1,1,26,Hyundai,6353,HB20X Premium 1.6 Flex 16V Mec.,2013,1,G,Gasolina,44592
015086-0,317,2025,1,1,26,Hyundai,5931,ix35 GLS 2.0 16V 2WD Flex Aut.,2013,1,G,Gasolina,63872
